timestamp,electricity_consumption
2021/05/06 00:30:00,29.36
2021/05/06 01:00:00,29.23
2021/05/06 01:30:00,29.4
2021/05/06 02:00:00,29.66
2021/05/06 02:30:00,29.28
2021/05/06 03:00:00,29.39
2021/05/06 03:30:00,28.94
2021/05/06 04:00:00,28.94
2021/05/06 04:30:00,28.92
2021/05/06 05:00:00,28.62
2021/05/06 05:30:00,28.67
2021/05/06 06:00:00,29.36
2021/05/06 06:30:00,31.11
2021/05/06 07:00:00,30.63
2021/05/06 07:30:00,30.73
2021/05/06 08:00:00,30.56
2021/05/06 08:30:00,31.43
2021/05/06 09:00:00,32.53
2021/05/06 09:30:00,33.46
2021/05/06 10:00:00,33.13
2021/05/06 10:30:00,33.65
2021/05/06 11:00:00,30.06
2021/05/06 11:30:00,20.24
2021/05/06 12:00:00,20.86
2021/05/06 12:30:00,20.43
2021/05/06 13:00:00,20.02
2021/05/06 13:30:00,19.49
2021/05/06 14:00:00,21.1
2021/05/06 14:30:00,20.83
2021/05/06 15:00:00,25.6
2021/05/06 15:30:00,32.9
2021/05/06 16:00:00,32.52
2021/05/06 16:30:00,31.28
2021/05/06 17:00:00,30.71
2021/05/06 17:30:00,30.99
2021/05/06 18:00:00,29.96
2021/05/06 18:30:00,30.02
2021/05/06 19:00:00,29.82
2021/05/06 19:30:00,29.85
2021/05/06 20:00:00,30.13
2021/05/06 20:30:00,30.13
2021/05/06 21:00:00,30.29
2021/05/06 21:30:00,30.41
2021/05/06 22:00:00,30.33
2021/05/06 22:30:00,30.51
2021/05/06 23:00:00,30.37
2021/05/06 23:30:00,30.42
2021/05/07 00:00:00,30.54
2021/05/07 00:30:00,30.37
2021/05/07 01:00:00,30.43
2021/05/07 01:30:00,30.16
2021/05/07 02:00:00,30.53
2021/05/07 02:30:00,30.46
2021/05/07 03:00:00,30.45
2021/05/07 03:30:00,30.35
2021/05/07 04:00:00,30.73
2021/05/07 04:30:00,30.44
2021/05/07 05:00:00,30.18
2021/05/07 05:30:00,30.31
2021/05/07 06:00:00,31.39
2021/05/07 06:30:00,32.71
2021/05/07 07:00:00,31.59
2021/05/07 07:30:00,31.6
2021/05/07 08:00:00,31.8
2021/05/07 08:30:00,32.39
2021/05/07 09:00:00,34.62
2021/05/07 09:30:00,33.23
2021/05/07 10:00:00,32.83
2021/05/07 10:30:00,32.69
2021/05/07 11:00:00,29.15
2021/05/07 11:30:00,18.52
2021/05/07 12:00:00,19
2021/05/07 12:30:00,18.81
2021/05/07 13:00:00,20.07
2021/05/07 13:30:00,26.18
2021/05/07 14:00:00,25.01
2021/05/07 14:30:00,33.82
2021/05/07 15:00:00,34.87
2021/05/07 15:30:00,35.05
2021/05/07 16:00:00,35.31
2021/05/07 16:30:00,35.21
2021/05/07 17:00:00,34.83
2021/05/07 17:30:00,35.09
2021/05/07 18:00:00,33.98
2021/05/07 18:30:00,32.92
2021/05/07 19:00:00,32.93
2021/05/07 19:30:00,33.04
2021/05/07 20:00:00,33.39
2021/05/07 20:30:00,33.42
2021/05/07 21:00:00,33.73
2021/05/07 21:30:00,33.62
2021/05/07 22:00:00,33.64
2021/05/07 22:30:00,33.34
2021/05/07 23:00:00,33.52
2021/05/07 23:30:00,33.78
2021/05/08 00:00:00,33.87
2021/05/08 00:30:00,33.71
2021/05/08 01:00:00,33.71
2021/05/08 01:30:00,33.89
2021/05/08 02:00:00,33.5
2021/05/08 02:30:00,33.22
2021/05/08 03:00:00,33.43
2021/05/08 03:30:00,33.41
2021/05/08 04:00:00,33.34
2021/05/08 04:30:00,33.27
2021/05/08 05:00:00,33.33
2021/05/08 05:30:00,33.75
2021/05/08 06:00:00,34.72
2021/05/08 06:30:00,36.23
2021/05/08 07:00:00,35.71
2021/05/08 07:30:00,34.54
2021/05/08 08:00:00,34.22
2021/05/08 08:30:00,35
2021/05/08 09:00:00,33.97
2021/05/08 09:30:00,35.05
2021/05/08 10:00:00,31.66
2021/05/08 10:30:00,32.71
2021/05/08 11:00:00,27.13
2021/05/08 11:30:00,26.83
2021/05/08 12:00:00,21.91
2021/05/08 12:30:00,21.87
2021/05/08 13:00:00,21.77
2021/05/08 13:30:00,21.46
2021/05/08 14:00:00,20.95
2021/05/08 14:30:00,22.13
2021/05/08 15:00:00,27.06
2021/05/08 15:30:00,35.01
2021/05/08 16:00:00,32.32
2021/05/08 16:30:00,32.13
2021/05/08 17:00:00,32.02
2021/05/08 17:30:00,31.67
2021/05/08 18:00:00,31.46
2021/05/08 18:30:00,31.59
2021/05/08 19:00:00,31.37
2021/05/08 19:30:00,31.52
2021/05/08 20:00:00,31.31
2021/05/08 20:30:00,31.56
2021/05/08 21:00:00,31.62
2021/05/08 21:30:00,31.6
2021/05/08 22:00:00,31.68
2021/05/08 22:30:00,31.95
2021/05/08 23:00:00,31.81
2021/05/08 23:30:00,31.77
2021/05/09 00:00:00,31.78
2021/05/09 00:30:00,31.6
2021/05/09 01:00:00,31.76
2021/05/09 01:30:00,31.69
2021/05/09 02:00:00,31.7
2021/05/09 02:30:00,31.74
2021/05/09 03:00:00,31.69
2021/05/09 03:30:00,31.72
2021/05/09 04:00:00,31.68
2021/05/09 04:30:00,31.61
2021/05/09 05:00:00,31.62
2021/05/09 05:30:00,30.68
2021/05/09 06:00:00,28.99
2021/05/09 06:30:00,30.95
2021/05/09 07:00:00,29.9
2021/05/09 07:30:00,29.57
2021/05/09 08:00:00,29.74
2021/05/09 08:30:00,30.62
2021/05/09 09:00:00,30.36
2021/05/09 09:30:00,30.92
2021/05/09 10:00:00,30.71
2021/05/09 10:30:00,30.82
2021/05/09 11:00:00,27.66
2021/05/09 11:30:00,22.03
2021/05/09 12:00:00,21.73
2021/05/09 12:30:00,22.42
2021/05/09 13:00:00,21.89
2021/05/09 13:30:00,21.24
2021/05/09 14:00:00,21.24
2021/05/09 14:30:00,22.04
2021/05/09 15:00:00,25.78
2021/05/09 15:30:00,30.95
2021/05/09 16:00:00,29.04
2021/05/09 16:30:00,28.24
2021/05/09 17:00:00,28.23
2021/05/09 17:30:00,28.11
2021/05/09 18:00:00,28.03
2021/05/09 18:30:00,28.39
2021/05/09 19:00:00,28.84
2021/05/09 19:30:00,29.74
2021/05/09 20:00:00,28.3
2021/05/09 20:30:00,28.25
2021/05/09 21:00:00,28.13
2021/05/09 21:30:00,28.11
2021/05/09 22:00:00,28.16
2021/05/09 22:30:00,28.33
2021/05/09 23:00:00,28.24
2021/05/09 23:30:00,28.27
2021/05/10 00:00:00,28.14
2021/05/10 00:30:00,28.41
2021/05/10 01:00:00,28.34
2021/05/10 01:30:00,28.34
2021/05/10 02:00:00,28.42
2021/05/10 02:30:00,28.56
2021/05/10 03:00:00,28.24
2021/05/10 03:30:00,28.33
2021/05/10 04:00:00,28.18
2021/05/10 04:30:00,28.26
2021/05/10 05:00:00,28.17
2021/05/10 05:30:00,28.21
2021/05/10 06:00:00,28.82
2021/05/10 06:30:00,32.21
2021/05/10 07:00:00,33.27
2021/05/10 07:30:00,33.43
2021/05/10 08:00:00,34.46
2021/05/10 08:30:00,34.87
2021/05/10 09:00:00,34.82
2021/05/10 09:30:00,35.88
2021/05/10 10:00:00,36.55
2021/05/10 10:30:00,36.26
2021/05/10 11:00:00,31.87
2021/05/10 11:30:00,24.93
2021/05/10 12:00:00,27.26
2021/05/10 12:30:00,22.76
2021/05/10 13:00:00,22.17
2021/05/10 13:30:00,21.35
2021/05/10 14:00:00,21.92
2021/05/10 14:30:00,22.27
2021/05/10 15:00:00,31.95
2021/05/10 15:30:00,35.8
2021/05/10 16:00:00,34.92
2021/05/10 16:30:00,33.78
2021/05/10 17:00:00,33.25
2021/05/10 17:30:00,33.34
2021/05/10 18:00:00,33.49
2021/05/10 18:30:00,32.39
2021/05/10 19:00:00,31.9
2021/05/10 19:30:00,31.72
2021/05/10 20:00:00,31.66
2021/05/10 20:30:00,31.8
2021/05/10 21:00:00,31.97
2021/05/10 21:30:00,31.95
2021/05/10 22:00:00,31.99
2021/05/10 22:30:00,31.86
2021/05/10 23:00:00,31.91
2021/05/10 23:30:00,32.07
2021/05/11 00:00:00,32.07
2021/05/11 00:30:00,31.97
2021/05/11 01:00:00,31.6
2021/05/11 01:30:00,31.55
2021/05/11 02:00:00,31.79
2021/05/11 02:30:00,31.53
2021/05/11 03:00:00,31.76
2021/05/11 03:30:00,31.87
2021/05/11 04:00:00,31.72
2021/05/11 04:30:00,31.75
2021/05/11 05:00:00,31.53
2021/05/11 05:30:00,32
2021/05/11 06:00:00,31.95
2021/05/11 06:30:00,33.68
2021/05/11 07:00:00,34.32
2021/05/11 07:30:00,33.9
2021/05/11 08:00:00,34.3
2021/05/11 08:30:00,34.88
2021/05/11 09:00:00,36.07
2021/05/11 09:30:00,35.47
2021/05/11 10:00:00,36.19
2021/05/11 10:30:00,34.08
2021/05/11 11:00:00,33.93
2021/05/11 11:30:00,30.98
2021/05/11 12:00:00,22.16
2021/05/11 12:30:00,21.44
2021/05/11 13:00:00,22.43
2021/05/11 13:30:00,21.82
2021/05/11 14:00:00,24.48
2021/05/11 14:30:00,26.48
2021/05/11 15:00:00,29.85
2021/05/11 15:30:00,31.36
2021/05/11 16:00:00,31.24
2021/05/11 16:30:00,30.39
2021/05/11 17:00:00,31.96
2021/05/11 17:30:00,30.76
2021/05/11 18:00:00,29.63
2021/05/11 18:30:00,29.26
2021/05/11 19:00:00,29.28
2021/05/11 19:30:00,29.07
2021/05/11 20:00:00,28.83
2021/05/11 20:30:00,28.96
2021/05/11 21:00:00,28.88
2021/05/11 21:30:00,29.08
2021/05/11 22:00:00,29.31
2021/05/11 22:30:00,28.91
2021/05/11 23:00:00,29.21
2021/05/11 23:30:00,28.96
2021/05/12 00:00:00,29.36
2021/05/12 00:30:00,29.38
2021/05/12 01:00:00,29.02
2021/05/12 01:30:00,28.94
2021/05/12 02:00:00,29.2
2021/05/12 02:30:00,29.24
2021/05/12 03:00:00,29.29
2021/05/12 03:30:00,29.2
2021/05/12 04:00:00,29.5
2021/05/12 04:30:00,29.39
2021/05/12 05:00:00,28.76
2021/05/12 05:30:00,28.02
2021/05/12 06:00:00,28.32
2021/05/12 06:30:00,29.63
2021/05/12 07:00:00,32.75
2021/05/12 07:30:00,33.66
2021/05/12 08:00:00,33.76
2021/05/12 08:30:00,33
2021/05/12 09:00:00,32.91
2021/05/12 09:30:00,33.62
2021/05/12 10:00:00,33.04
2021/05/12 10:30:00,33.4
2021/05/12 11:00:00,30.37
2021/05/12 11:30:00,33.23
2021/05/12 12:00:00,36.48
2021/05/12 12:30:00,35.38
2021/05/12 13:00:00,35.23
2021/05/12 13:30:00,34.85
2021/05/12 14:00:00,34.72
2021/05/12 14:30:00,33.06
2021/05/12 15:00:00,34.71
2021/05/12 15:30:00,34.19
2021/05/12 16:00:00,33.15
2021/05/12 16:30:00,33.78
2021/05/12 17:00:00,32.63
2021/05/12 17:30:00,31.73
2021/05/12 18:00:00,31.58
2021/05/12 18:30:00,31.73
2021/05/12 19:00:00,31.33
2021/05/12 19:30:00,31.7
2021/05/12 20:00:00,31.31
2021/05/12 20:30:00,31.73
2021/05/12 21:00:00,31.97
2021/05/12 21:30:00,31.64
2021/05/12 22:00:00,31.79
2021/05/12 22:30:00,31.96
2021/05/12 23:00:00,31.98
2021/05/12 23:30:00,31.71
2021/05/13 00:00:00,31.42
2021/05/13 00:30:00,31.6
2021/05/13 01:00:00,31.85
2021/05/13 01:30:00,29.07
2021/05/13 02:00:00,28.05
2021/05/13 02:30:00,28.38
2021/05/13 03:00:00,28.07
2021/05/13 03:30:00,28.28
2021/05/13 04:00:00,27.96
2021/05/13 04:30:00,27.99
2021/05/13 05:00:00,28.08
2021/05/13 05:30:00,27.94
2021/05/13 06:00:00,28.11
2021/05/13 06:30:00,30.38
2021/05/13 07:00:00,32.11
2021/05/13 07:30:00,33.39
2021/05/13 08:00:00,33.85
2021/05/13 08:30:00,34.29
2021/05/13 09:00:00,34.16
2021/05/13 09:30:00,33.78
2021/05/13 10:00:00,34.63
2021/05/13 10:30:00,34.6
2021/05/13 11:00:00,33.61
2021/05/13 11:30:00,27.62
2021/05/13 12:00:00,24.05
2021/05/13 12:30:00,24.07
2021/05/13 13:00:00,24.01
2021/05/13 13:30:00,24.6
2021/05/13 14:00:00,23.99
2021/05/13 14:30:00,23.3
2021/05/13 15:00:00,26.72
2021/05/13 15:30:00,34.08
2021/05/13 16:00:00,34.49
2021/05/13 16:30:00,33.76
2021/05/13 17:00:00,33.12
2021/05/13 17:30:00,32.22
2021/05/13 18:00:00,31.46
2021/05/13 18:30:00,31.26
2021/05/13 19:00:00,31.38
2021/05/13 19:30:00,31.43
2021/05/13 20:00:00,31.58
2021/05/13 20:30:00,31.64
2021/05/13 21:00:00,31.27
2021/05/13 21:30:00,28.11
2021/05/13 22:00:00,27.96
2021/05/13 22:30:00,28
2021/05/13 23:00:00,28.46
2021/05/13 23:30:00,28.26
2021/05/14 00:00:00,28.23
2021/05/14 00:30:00,28.49
2021/05/14 01:00:00,28.24
2021/05/14 01:30:00,28.53
2021/05/14 02:00:00,28.67
2021/05/14 02:30:00,28.41
2021/05/14 03:00:00,28.22
2021/05/14 03:30:00,28.17
2021/05/14 04:00:00,28.48
2021/05/14 04:30:00,28.35
2021/05/14 05:00:00,28.08
2021/05/14 05:30:00,28.23
2021/05/14 06:00:00,28.44
2021/05/14 06:30:00,33.61
2021/05/14 07:00:00,33.59
2021/05/14 07:30:00,32.97
2021/05/14 08:00:00,33.34
2021/05/14 08:30:00,34
2021/05/14 09:00:00,33.83
2021/05/14 09:30:00,34.51
2021/05/14 10:00:00,35.45
2021/05/14 10:30:00,34.01
2021/05/14 11:00:00,32.88
2021/05/14 11:30:00,23.19
2021/05/14 12:00:00,20.81
2021/05/14 12:30:00,21.47
2021/05/14 13:00:00,22.15
2021/05/14 13:30:00,29.96
2021/05/14 14:00:00,34.47
2021/05/14 14:30:00,24.86
2021/05/14 15:00:00,26.59
2021/05/14 15:30:00,34.2
2021/05/14 16:00:00,34.05
2021/05/14 16:30:00,34.67
2021/05/14 17:00:00,33.71
2021/05/14 17:30:00,32.36
2021/05/14 18:00:00,31.92
2021/05/14 18:30:00,32.04
2021/05/14 19:00:00,31.48
2021/05/14 19:30:00,31.8
2021/05/14 20:00:00,31.63
2021/05/14 20:30:00,32.12
2021/05/14 21:00:00,31.75
2021/05/14 21:30:00,31.7
2021/05/14 22:00:00,31.6
2021/05/14 22:30:00,31.54
2021/05/14 23:00:00,31.78
2021/05/14 23:30:00,31.62
2021/05/15 00:00:00,31.55
2021/05/15 00:30:00,31.57
2021/05/15 01:00:00,31.65
2021/05/15 01:30:00,31.69
2021/05/15 02:00:00,32.09
2021/05/15 02:30:00,31.55
2021/05/15 03:00:00,31.61
2021/05/15 03:30:00,31.92
2021/05/15 04:00:00,31.78
2021/05/15 04:30:00,31.79
2021/05/15 05:00:00,31.69
2021/05/15 05:30:00,31.59
2021/05/15 06:00:00,32.53
2021/05/15 06:30:00,32.66
2021/05/15 07:00:00,28.86
2021/05/15 07:30:00,31.92
2021/05/15 08:00:00,31.75
2021/05/15 08:30:00,32
2021/05/15 09:00:00,32
2021/05/15 09:30:00,33.59
2021/05/15 10:00:00,32.68
2021/05/15 10:30:00,32.82
2021/05/15 11:00:00,29.06
2021/05/15 11:30:00,21.51
2021/05/15 12:00:00,21.68
2021/05/15 12:30:00,22.83
2021/05/15 13:00:00,22.13
2021/05/15 13:30:00,22.8
2021/05/15 14:00:00,22.46
2021/05/15 14:30:00,22.51
2021/05/15 15:00:00,26.68
2021/05/15 15:30:00,33.41
2021/05/15 16:00:00,33.55
2021/05/15 16:30:00,33.01
2021/05/15 17:00:00,32.51
2021/05/15 17:30:00,32.1
2021/05/15 18:00:00,31.86
2021/05/15 18:30:00,31.68
2021/05/15 19:00:00,31.45
2021/05/15 19:30:00,31.36
2021/05/15 20:00:00,31.14
2021/05/15 20:30:00,31.19
2021/05/15 21:00:00,31.24
2021/05/15 21:30:00,31.29
2021/05/15 22:00:00,31.16
2021/05/15 22:30:00,31.22
2021/05/15 23:00:00,31.39
2021/05/15 23:30:00,31.3
2021/05/16 00:00:00,31.01
2021/05/16 00:30:00,30.87
2021/05/16 01:00:00,30.98
2021/05/16 01:30:00,31.12
2021/05/16 02:00:00,31.22
2021/05/16 02:30:00,31.2
2021/05/16 03:00:00,31.28
2021/05/16 03:30:00,31.14
2021/05/16 04:00:00,31.25
2021/05/16 04:30:00,31.58
2021/05/16 05:00:00,31.35
2021/05/16 05:30:00,31.1
2021/05/16 06:00:00,32.02
2021/05/16 06:30:00,33.67
2021/05/16 07:00:00,32.9
2021/05/16 07:30:00,32.4
2021/05/16 08:00:00,32.57
2021/05/16 08:30:00,32.68
2021/05/16 09:00:00,33.41
2021/05/16 09:30:00,33.36
2021/05/16 10:00:00,33.97
2021/05/16 10:30:00,32.52
2021/05/16 11:00:00,29.05
2021/05/16 11:30:00,21.75
2021/05/16 12:00:00,22.44
2021/05/16 12:30:00,21.75
2021/05/16 13:00:00,22.47
2021/05/16 13:30:00,21.87
2021/05/16 14:00:00,22.29
2021/05/16 14:30:00,22.13
2021/05/16 15:00:00,26.17
2021/05/16 15:30:00,33.23
2021/05/16 16:00:00,32.95
2021/05/16 16:30:00,34.41
2021/05/16 17:00:00,33.66
2021/05/16 17:30:00,32.07
2021/05/16 18:00:00,31.74
2021/05/16 18:30:00,31.81
2021/05/16 19:00:00,31.66
2021/05/16 19:30:00,32.5
2021/05/16 20:00:00,33.9
2021/05/16 20:30:00,33.71
2021/05/16 21:00:00,32.8
2021/05/16 21:30:00,32.72
2021/05/16 22:00:00,32.36
2021/05/16 22:30:00,32.69
2021/05/16 23:00:00,32.41
2021/05/16 23:30:00,32.76
2021/05/17 00:00:00,32.97
2021/05/17 00:30:00,32.53
2021/05/17 01:00:00,32.8
2021/05/17 01:30:00,32.9
2021/05/17 02:00:00,32.59
2021/05/17 02:30:00,32.71
2021/05/17 03:00:00,32.72
2021/05/17 03:30:00,31.22
2021/05/17 04:00:00,28.9
2021/05/17 04:30:00,28.78
2021/05/17 05:00:00,28.82
2021/05/17 05:30:00,29.1
2021/05/17 06:00:00,32.42
2021/05/17 06:30:00,35.42
2021/05/17 07:00:00,34.57
2021/05/17 07:30:00,34.07
2021/05/17 08:00:00,34.93
2021/05/17 08:30:00,35.49
2021/05/17 09:00:00,36.22
2021/05/17 09:30:00,36.71
2021/05/17 10:00:00,38.38
2021/05/17 10:30:00,35.79
2021/05/17 11:00:00,30.54
2021/05/17 11:30:00,23.85
2021/05/17 12:00:00,23.89
2021/05/17 12:30:00,24.52
2021/05/17 13:00:00,24.43
2021/05/17 13:30:00,25.17
2021/05/17 14:00:00,33.03
2021/05/17 14:30:00,24.05
2021/05/17 15:00:00,28.11
2021/05/17 15:30:00,35.3
2021/05/17 16:00:00,35.11
2021/05/17 16:30:00,33.93
2021/05/17 17:00:00,33.12
2021/05/17 17:30:00,32.81
2021/05/17 18:00:00,32.73
2021/05/17 18:30:00,32.58
2021/05/17 19:00:00,32.5
2021/05/17 19:30:00,32.32
2021/05/17 20:00:00,32.51
2021/05/17 20:30:00,32.64
2021/05/17 21:00:00,32.56
2021/05/17 21:30:00,32.63
2021/05/17 22:00:00,32.73
2021/05/17 22:30:00,32.48
2021/05/17 23:00:00,32.48
2021/05/17 23:30:00,32.81
2021/05/18 00:00:00,32.76
2021/05/18 00:30:00,32.91
2021/05/18 01:00:00,32.68
2021/05/18 01:30:00,33.12
2021/05/18 02:00:00,32.69
2021/05/18 02:30:00,32.75
2021/05/18 03:00:00,32.69
2021/05/18 03:30:00,32.71
2021/05/18 04:00:00,32.74
2021/05/18 04:30:00,32.78
2021/05/18 05:00:00,32.48
2021/05/18 05:30:00,32.38
2021/05/18 06:00:00,33.07
2021/05/18 06:30:00,35.02
2021/05/18 07:00:00,34.15
2021/05/18 07:30:00,33.83
2021/05/18 08:00:00,32.92
2021/05/18 08:30:00,36.13
2021/05/18 09:00:00,35.28
2021/05/18 09:30:00,35.56
2021/05/18 10:00:00,35.7
2021/05/18 10:30:00,36.16
2021/05/18 11:00:00,36.32
2021/05/18 11:30:00,25.71
2021/05/18 12:00:00,30.54
2021/05/18 12:30:00,20.66
2021/05/18 13:00:00,20.94
2021/05/18 13:30:00,20.86
2021/05/18 14:00:00,21.75
2021/05/18 14:30:00,24.08
2021/05/18 15:00:00,28.41
2021/05/18 15:30:00,34.41
2021/05/18 16:00:00,34.2
2021/05/18 16:30:00,33.7
2021/05/18 17:00:00,32.55
2021/05/18 17:30:00,32.17
2021/05/18 18:00:00,31.9
2021/05/18 18:30:00,31.83
2021/05/18 19:00:00,31.89
2021/05/18 19:30:00,31.45
2021/05/18 20:00:00,31.73
2021/05/18 20:30:00,31.73
2021/05/18 21:00:00,31.79
2021/05/18 21:30:00,31.63
2021/05/18 22:00:00,31.87
2021/05/18 22:30:00,31.74
2021/05/18 23:00:00,31.77
2021/05/18 23:30:00,31.76
2021/05/19 00:00:00,31.57
2021/05/19 00:30:00,32.08
2021/05/19 01:00:00,31.73
2021/05/19 01:30:00,31.87
2021/05/19 02:00:00,31.75
2021/05/19 02:30:00,31.69
2021/05/19 03:00:00,31.82
2021/05/19 03:30:00,31.72
2021/05/19 04:00:00,31.87
2021/05/19 04:30:00,31.83
2021/05/19 05:00:00,31.74
2021/05/19 05:30:00,31.52
2021/05/19 06:00:00,32.46
2021/05/19 06:30:00,34.08
2021/05/19 07:00:00,33.6
2021/05/19 07:30:00,33
2021/05/19 08:00:00,33.73
2021/05/19 08:30:00,32.63
2021/05/19 09:00:00,32.17
2021/05/19 09:30:00,33.13
2021/05/19 10:00:00,33.14
2021/05/19 10:30:00,32.48
2021/05/19 11:00:00,28.55
2021/05/19 11:30:00,21.61
2021/05/19 12:00:00,21.81
2021/05/19 12:30:00,21.21
2021/05/19 13:00:00,30.31
2021/05/19 13:30:00,32.56
2021/05/19 14:00:00,31.94
2021/05/19 14:30:00,33.18
2021/05/19 15:00:00,33.05
2021/05/19 15:30:00,31.93
2021/05/19 16:00:00,32.24
2021/05/19 16:30:00,32.48
2021/05/19 17:00:00,31.98
2021/05/19 17:30:00,31.33
2021/05/19 18:00:00,31.32
2021/05/19 18:30:00,30.65
2021/05/19 19:00:00,30.12
2021/05/19 19:30:00,30.2
2021/05/19 20:00:00,29.94
2021/05/19 20:30:00,30.72
2021/05/19 21:00:00,30.62
2021/05/19 21:30:00,30.54
2021/05/19 22:00:00,30.3
2021/05/19 22:30:00,30.56
2021/05/19 23:00:00,30.26
2021/05/19 23:30:00,30.12
2021/05/20 00:00:00,30.18
2021/05/20 00:30:00,30.45
2021/05/20 01:00:00,30.23
2021/05/20 01:30:00,30.59
2021/05/20 02:00:00,30.67
2021/05/20 02:30:00,30.4
2021/05/20 03:00:00,30.19
2021/05/20 03:30:00,30.26
2021/05/20 04:00:00,30.31
2021/05/20 04:30:00,30.02
2021/05/20 05:00:00,29.92
2021/05/20 05:30:00,30.4
2021/05/20 06:00:00,30.81
2021/05/20 06:30:00,31.54
2021/05/20 07:00:00,31.01
2021/05/20 07:30:00,30.73
2021/05/20 08:00:00,30.68
2021/05/20 08:30:00,32.03
2021/05/20 09:00:00,33.95
2021/05/20 09:30:00,35.97
2021/05/20 10:00:00,35.14
2021/05/20 10:30:00,35.9
2021/05/20 11:00:00,32.12
2021/05/20 11:30:00,29.04
2021/05/20 12:00:00,28.13
2021/05/20 12:30:00,28.17
2021/05/20 13:00:00,29.01
2021/05/20 13:30:00,27.84
2021/05/20 14:00:00,28.92
2021/05/20 14:30:00,29.47
2021/05/20 15:00:00,31.22
2021/05/20 15:30:00,34.7
2021/05/20 16:00:00,34.56
2021/05/20 16:30:00,34.36
2021/05/20 17:00:00,34.14
2021/05/20 17:30:00,33.07
2021/05/20 18:00:00,32.41
2021/05/20 18:30:00,32.19
2021/05/20 19:00:00,32.25
2021/05/20 19:30:00,31.87
2021/05/20 20:00:00,32.13
2021/05/20 20:30:00,32.28
2021/05/20 21:00:00,32.15
2021/05/20 21:30:00,32.4
2021/05/20 22:00:00,32.07
2021/05/20 22:30:00,32.32
2021/05/20 23:00:00,32.21
2021/05/20 23:30:00,32.24
2021/05/21 00:00:00,32.35
2021/05/21 00:30:00,32.34
2021/05/21 01:00:00,32.25
2021/05/21 01:30:00,32.54
2021/05/21 02:00:00,32.14
2021/05/21 02:30:00,32.31
2021/05/21 03:00:00,32.24
2021/05/21 03:30:00,32.29
2021/05/21 04:00:00,32.44
2021/05/21 04:30:00,32.37
2021/05/21 05:00:00,32.08
2021/05/21 05:30:00,32.34
2021/05/21 06:00:00,32.87
2021/05/21 06:30:00,34.25
2021/05/21 07:00:00,33.53
2021/05/21 07:30:00,33.15
2021/05/21 08:00:00,34.38
2021/05/21 08:30:00,34.5
2021/05/21 09:00:00,34.61
2021/05/21 09:30:00,35.14
2021/05/21 10:00:00,35.17
2021/05/21 10:30:00,34.85
2021/05/21 11:00:00,34
2021/05/21 11:30:00,26.43
2021/05/21 12:00:00,27.86
2021/05/21 12:30:00,30.95
2021/05/21 13:00:00,28.77
2021/05/21 13:30:00,27.51
2021/05/21 14:00:00,31.32
2021/05/21 14:30:00,26.22
2021/05/21 15:00:00,29.33
2021/05/21 15:30:00,33.64
2021/05/21 16:00:00,33.68
2021/05/21 16:30:00,34.01
2021/05/21 17:00:00,33.28
2021/05/21 17:30:00,31.54
2021/05/21 18:00:00,30.8
2021/05/21 18:30:00,30.43
2021/05/21 19:00:00,30.34
2021/05/21 19:30:00,30.16
2021/05/21 20:00:00,30.32
2021/05/21 20:30:00,30.38
2021/05/21 21:00:00,30.63
2021/05/21 21:30:00,30.44
2021/05/21 22:00:00,30.69
2021/05/21 22:30:00,30.56
2021/05/21 23:00:00,30.63
2021/05/21 23:30:00,30.59
2021/05/22 00:00:00,30.4
2021/05/22 00:30:00,30.16
2021/05/22 01:00:00,30.62
2021/05/22 01:30:00,30.37
2021/05/22 02:00:00,30.48
2021/05/22 02:30:00,27.68
2021/05/22 03:00:00,26.72
2021/05/22 03:30:00,26.73
2021/05/22 04:00:00,27
2021/05/22 04:30:00,26.86
2021/05/22 05:00:00,26.82
2021/05/22 05:30:00,26.53
2021/05/22 06:00:00,27.01
2021/05/22 06:30:00,29.69
2021/05/22 07:00:00,27.69
2021/05/22 07:30:00,32.27
2021/05/22 08:00:00,32.63
2021/05/22 08:30:00,33.38
2021/05/22 09:00:00,32.73
2021/05/22 09:30:00,32.61
2021/05/22 10:00:00,32.57
2021/05/22 10:30:00,32.45
2021/05/22 11:00:00,31.68
2021/05/22 11:30:00,26.13
2021/05/22 12:00:00,26.49
2021/05/22 12:30:00,25.85
2021/05/22 13:00:00,25.86
2021/05/22 13:30:00,25.39
2021/05/22 14:00:00,25.33
2021/05/22 14:30:00,25.66
2021/05/22 15:00:00,28.39
2021/05/22 15:30:00,32.38
2021/05/22 16:00:00,32.2
2021/05/22 16:30:00,30.8
2021/05/22 17:00:00,31.09
2021/05/22 17:30:00,30.8
2021/05/22 18:00:00,30.63
2021/05/22 18:30:00,30.39
2021/05/22 19:00:00,30.21
2021/05/22 19:30:00,30.1
2021/05/22 20:00:00,30.17
2021/05/22 20:30:00,30.24
2021/05/22 21:00:00,30.36
2021/05/22 21:30:00,30.79
2021/05/22 22:00:00,30.93
2021/05/22 22:30:00,30.78
2021/05/22 23:00:00,31.12
2021/05/22 23:30:00,30.88
2021/05/23 00:00:00,31
2021/05/23 00:30:00,31.49
2021/05/23 01:00:00,30.71
2021/05/23 01:30:00,30.98
2021/05/23 02:00:00,30.95
2021/05/23 02:30:00,31.03
2021/05/23 03:00:00,31.12
2021/05/23 03:30:00,30.97
2021/05/23 04:00:00,31.01
2021/05/23 04:30:00,31.03
2021/05/23 05:00:00,30.85
2021/05/23 05:30:00,30.92
2021/05/23 06:00:00,31.4
2021/05/23 06:30:00,33.68
2021/05/23 07:00:00,32.11
2021/05/23 07:30:00,32.62
2021/05/23 08:00:00,33.03
2021/05/23 08:30:00,33
2021/05/23 09:00:00,33.18
2021/05/23 09:30:00,32.69
2021/05/23 10:00:00,32.25
2021/05/23 10:30:00,32.4
2021/05/23 11:00:00,30.44
2021/05/23 11:30:00,25.25
2021/05/23 12:00:00,25.08
2021/05/23 12:30:00,25.36
2021/05/23 13:00:00,26.13
2021/05/23 13:30:00,25.45
2021/05/23 14:00:00,26.14
2021/05/23 14:30:00,25.76
2021/05/23 15:00:00,28.65
2021/05/23 15:30:00,33.26
2021/05/23 16:00:00,32.23
2021/05/23 16:30:00,30.88
2021/05/23 17:00:00,31.09
2021/05/23 17:30:00,30.56
2021/05/23 18:00:00,30.71
2021/05/23 18:30:00,30.34
2021/05/23 19:00:00,30.19
2021/05/23 19:30:00,30.03
2021/05/23 20:00:00,31.36
2021/05/23 20:30:00,31.75
2021/05/23 21:00:00,30.43
2021/05/23 21:30:00,30.33
2021/05/23 22:00:00,30.42
2021/05/23 22:30:00,30.3
2021/05/23 23:00:00,30.34
2021/05/23 23:30:00,30.31
2021/05/24 00:00:00,30.24
2021/05/24 00:30:00,30.31
2021/05/24 01:00:00,30.56
2021/05/24 01:30:00,30.28
2021/05/24 02:00:00,30.39
2021/05/24 02:30:00,30.4
2021/05/24 03:00:00,30.36
2021/05/24 03:30:00,30.47
2021/05/24 04:00:00,30.31
2021/05/24 04:30:00,30.5
2021/05/24 05:00:00,30.31
2021/05/24 05:30:00,30.17
2021/05/24 06:00:00,30.95
2021/05/24 06:30:00,32.99
2021/05/24 07:00:00,31.89
2021/05/24 07:30:00,32.42
2021/05/24 08:00:00,33.08
2021/05/24 08:30:00,33.22
2021/05/24 09:00:00,33.01
2021/05/24 09:30:00,34.09
2021/05/24 10:00:00,33.14
2021/05/24 10:30:00,32.45
2021/05/24 11:00:00,29.14
2021/05/24 11:30:00,23.94
2021/05/24 12:00:00,25.85
2021/05/24 12:30:00,21.73
2021/05/24 13:00:00,22.12
2021/05/24 13:30:00,21.58
2021/05/24 14:00:00,21.66
2021/05/24 14:30:00,22.69
2021/05/24 15:00:00,29.82
2021/05/24 15:30:00,32.71
2021/05/24 16:00:00,32.23
2021/05/24 16:30:00,32.2
2021/05/24 17:00:00,31.11
2021/05/24 17:30:00,30.06
2021/05/24 18:00:00,29.74
2021/05/24 18:30:00,29.47
2021/05/24 19:00:00,29.04
2021/05/24 19:30:00,29.3
2021/05/24 20:00:00,29.16
2021/05/24 20:30:00,29.6
2021/05/24 21:00:00,29.49
2021/05/24 21:30:00,29.72
2021/05/24 22:00:00,29.72
2021/05/24 22:30:00,30.01
2021/05/24 23:00:00,29.62
2021/05/24 23:30:00,29.42
2021/05/25 00:00:00,29.61
2021/05/25 00:30:00,29.83
2021/05/25 01:00:00,29.28
2021/05/25 01:30:00,29.53
2021/05/25 02:00:00,29.71
2021/05/25 02:30:00,29.47
2021/05/25 03:00:00,29.57
2021/05/25 03:30:00,29.78
2021/05/25 04:00:00,29.51
2021/05/25 04:30:00,29.75
2021/05/25 05:00:00,29.38
2021/05/25 05:30:00,29.72
2021/05/25 06:00:00,30
2021/05/25 06:30:00,31
2021/05/25 07:00:00,30.77
2021/05/25 07:30:00,31.59
2021/05/25 08:00:00,32.39
2021/05/25 08:30:00,32.18
2021/05/25 09:00:00,31.55
2021/05/25 09:30:00,32.14
2021/05/25 10:00:00,31.91
2021/05/25 10:30:00,32.45
2021/05/25 11:00:00,30.96
2021/05/25 11:30:00,26.99
2021/05/25 12:00:00,28.52
2021/05/25 12:30:00,29.38
2021/05/25 13:00:00,29.51
2021/05/25 13:30:00,29.84
2021/05/25 14:00:00,28.59
2021/05/25 14:30:00,29.37
2021/05/25 15:00:00,31.35
2021/05/25 15:30:00,33.45
2021/05/25 16:00:00,33.64
2021/05/25 16:30:00,33.48
2021/05/25 17:00:00,32.44
2021/05/25 17:30:00,31.21
2021/05/25 18:00:00,31.41
2021/05/25 18:30:00,31.22
2021/05/25 19:00:00,30.83
2021/05/25 19:30:00,30.88
2021/05/25 20:00:00,31.08
2021/05/25 20:30:00,31.1
2021/05/25 21:00:00,31.08
2021/05/25 21:30:00,31.02
2021/05/25 22:00:00,30.94
2021/05/25 22:30:00,31.13
2021/05/25 23:00:00,31.31
2021/05/25 23:30:00,32.16
2021/05/26 00:00:00,32.07
2021/05/26 00:30:00,32.18
2021/05/26 01:00:00,31.86
2021/05/26 01:30:00,32.01
2021/05/26 02:00:00,31.98
2021/05/26 02:30:00,31.82
2021/05/26 03:00:00,31.89
2021/05/26 03:30:00,31.93
2021/05/26 04:00:00,32.05
2021/05/26 04:30:00,32.2
2021/05/26 05:00:00,31.75
2021/05/26 05:30:00,31.89
2021/05/26 06:00:00,31.82
2021/05/26 06:30:00,33.15
2021/05/26 07:00:00,33.26
2021/05/26 07:30:00,34.13
2021/05/26 08:00:00,36.73
2021/05/26 08:30:00,37.97
2021/05/26 09:00:00,36.76
2021/05/26 09:30:00,36.71
2021/05/26 10:00:00,36.43
2021/05/26 10:30:00,35.99
2021/05/26 11:00:00,33.87
2021/05/26 11:30:00,31.13
2021/05/26 12:00:00,30.75
2021/05/26 12:30:00,31.08
2021/05/26 13:00:00,30.61
2021/05/26 13:30:00,26.45
2021/05/26 14:00:00,24.87
2021/05/26 14:30:00,24.77
2021/05/26 15:00:00,27.78
2021/05/26 15:30:00,34.21
2021/05/26 16:00:00,33.51
2021/05/26 16:30:00,33.45
2021/05/26 17:00:00,32.66
2021/05/26 17:30:00,32.31
2021/05/26 18:00:00,31.9
2021/05/26 18:30:00,31.14
2021/05/26 19:00:00,30.89
2021/05/26 19:30:00,31.01
2021/05/26 20:00:00,30.95
2021/05/26 20:30:00,31.22
2021/05/26 21:00:00,31.2
2021/05/26 21:30:00,31.28
2021/05/26 22:00:00,31.54
2021/05/26 22:30:00,31.35
2021/05/26 23:00:00,31.41
2021/05/26 23:30:00,31.57
2021/05/27 00:00:00,31.25
2021/05/27 00:30:00,31.4
2021/05/27 01:00:00,31.2
2021/05/27 01:30:00,31.15
2021/05/27 02:00:00,31.28
2021/05/27 02:30:00,31.12
2021/05/27 03:00:00,31.23
2021/05/27 03:30:00,31.25
2021/05/27 04:00:00,31.13
2021/05/27 04:30:00,31.33
2021/05/27 05:00:00,31.14
2021/05/27 05:30:00,31.07
2021/05/27 06:00:00,31.33
2021/05/27 06:30:00,33.25
2021/05/27 07:00:00,32.57
2021/05/27 07:30:00,32.85
2021/05/27 08:00:00,33.8
2021/05/27 08:30:00,34.74
2021/05/27 09:00:00,34.33
2021/05/27 09:30:00,34.13
2021/05/27 10:00:00,33.09
2021/05/27 10:30:00,33.02
2021/05/27 11:00:00,30.83
2021/05/27 11:30:00,26.1
2021/05/27 12:00:00,23.11
2021/05/27 12:30:00,22.86
2021/05/27 13:00:00,23.19
2021/05/27 13:30:00,23.41
2021/05/27 14:00:00,22.55
2021/05/27 14:30:00,23.66
2021/05/27 15:00:00,27.29
2021/05/27 15:30:00,34.08
2021/05/27 16:00:00,34.72
2021/05/27 16:30:00,33.51
2021/05/27 17:00:00,33
2021/05/27 17:30:00,33.19
2021/05/27 18:00:00,32.11
2021/05/27 18:30:00,32.05
2021/05/27 19:00:00,31.58
2021/05/27 19:30:00,31.71
2021/05/27 20:00:00,31.71
2021/05/27 20:30:00,31.96
2021/05/27 21:00:00,31.96
2021/05/27 21:30:00,31.98
2021/05/27 22:00:00,31.97
2021/05/27 22:30:00,32.46
2021/05/27 23:00:00,31.96
2021/05/27 23:30:00,32.08
2021/05/28 00:00:00,31.9
2021/05/28 00:30:00,32.17
2021/05/28 01:00:00,32.01
2021/05/28 01:30:00,32.23
2021/05/28 02:00:00,32.08
2021/05/28 02:30:00,32.2
2021/05/28 03:00:00,32.02
2021/05/28 03:30:00,32.09
2021/05/28 04:00:00,31.99
2021/05/28 04:30:00,32.04
2021/05/28 05:00:00,31.35
2021/05/28 05:30:00,31.5
2021/05/28 06:00:00,32.22
2021/05/28 06:30:00,33.49
2021/05/28 07:00:00,33.35
2021/05/28 07:30:00,32.96
2021/05/28 08:00:00,33.54
2021/05/28 08:30:00,33.97
2021/05/28 09:00:00,35.78
2021/05/28 09:30:00,35.27
2021/05/28 10:00:00,36.98
2021/05/28 10:30:00,35.14
2021/05/28 11:00:00,30.18
2021/05/28 11:30:00,23.34
2021/05/28 12:00:00,24.02
2021/05/28 12:30:00,23.78
2021/05/28 13:00:00,25.01
2021/05/28 13:30:00,23.53
2021/05/28 14:00:00,23.47
2021/05/28 14:30:00,24.85
2021/05/28 15:00:00,27.31
2021/05/28 15:30:00,34.72
2021/05/28 16:00:00,34.73
2021/05/28 16:30:00,34.65
2021/05/28 17:00:00,32.78
2021/05/28 17:30:00,32.56
2021/05/28 18:00:00,32.47
2021/05/28 18:30:00,32.25
2021/05/28 19:00:00,31.93
2021/05/28 19:30:00,31.92
2021/05/28 20:00:00,31.94
2021/05/28 20:30:00,32.06
2021/05/28 21:00:00,31.95
2021/05/28 21:30:00,32.08
2021/05/28 22:00:00,32.23
2021/05/28 22:30:00,32.29
2021/05/28 23:00:00,32.19
2021/05/28 23:30:00,32.06
2021/05/29 00:00:00,32.03
2021/05/29 00:30:00,32.19
2021/05/29 01:00:00,32
2021/05/29 01:30:00,31.95
2021/05/29 02:00:00,31.92
2021/05/29 02:30:00,31.98
2021/05/29 03:00:00,32.01
2021/05/29 03:30:00,31.97
2021/05/29 04:00:00,32.19
2021/05/29 04:30:00,32.12
2021/05/29 05:00:00,32.13
2021/05/29 05:30:00,31.94
2021/05/29 06:00:00,32.35
2021/05/29 06:30:00,34.01
2021/05/29 07:00:00,33.75
2021/05/29 07:30:00,34.55
2021/05/29 08:00:00,34.25
2021/05/29 08:30:00,34.25
2021/05/29 09:00:00,34.41
2021/05/29 09:30:00,35.75
2021/05/29 10:00:00,34.69
2021/05/29 10:30:00,35
2021/05/29 11:00:00,31.32
2021/05/29 11:30:00,24.19
2021/05/29 12:00:00,23.48
2021/05/29 12:30:00,23.88
2021/05/29 13:00:00,23
2021/05/29 13:30:00,23.42
2021/05/29 14:00:00,23.05
2021/05/29 14:30:00,23.74
2021/05/29 15:00:00,28.05
2021/05/29 15:30:00,34.56
2021/05/29 16:00:00,33.64
2021/05/29 16:30:00,32.85
2021/05/29 17:00:00,32.08
2021/05/29 17:30:00,32.28
2021/05/29 18:00:00,32.06
2021/05/29 18:30:00,32.02
2021/05/29 19:00:00,31.83
2021/05/29 19:30:00,31.73
2021/05/29 20:00:00,31.77
2021/05/29 20:30:00,32.03
2021/05/29 21:00:00,31.69
2021/05/29 21:30:00,31.93
2021/05/29 22:00:00,31.97
2021/05/29 22:30:00,32.12
2021/05/29 23:00:00,31.88
2021/05/29 23:30:00,31.79
2021/05/30 00:00:00,32.02
2021/05/30 00:30:00,32.19
2021/05/30 01:00:00,31.85
2021/05/30 01:30:00,31.94
2021/05/30 02:00:00,31.98
2021/05/30 02:30:00,32.13
2021/05/30 03:00:00,32.11
2021/05/30 03:30:00,31.91
2021/05/30 04:00:00,32.11
2021/05/30 04:30:00,32.35
2021/05/30 05:00:00,32.04
2021/05/30 05:30:00,32.04
2021/05/30 06:00:00,32.24
2021/05/30 06:30:00,33.09
2021/05/30 07:00:00,33.65
2021/05/30 07:30:00,32.96
2021/05/30 08:00:00,33.02
2021/05/30 08:30:00,33.4
2021/05/30 09:00:00,34.33
2021/05/30 09:30:00,34.29
2021/05/30 10:00:00,33.4
2021/05/30 10:30:00,33.13
2021/05/30 11:00:00,29.29
2021/05/30 11:30:00,22.61
2021/05/30 12:00:00,22.31
2021/05/30 12:30:00,22.32
2021/05/30 13:00:00,23
2021/05/30 13:30:00,21.1
2021/05/30 14:00:00,21.75
2021/05/30 14:30:00,21.74
2021/05/30 15:00:00,26.57
2021/05/30 15:30:00,33.42
2021/05/30 16:00:00,34.17
2021/05/30 16:30:00,34.03
2021/05/30 17:00:00,32.17
2021/05/30 17:30:00,31.78
2021/05/30 18:00:00,31.1
2021/05/30 18:30:00,30.8
2021/05/30 19:00:00,30.9
2021/05/30 19:30:00,30.77
2021/05/30 20:00:00,30.83
2021/05/30 20:30:00,30.68
2021/05/30 21:00:00,30.82
2021/05/30 21:30:00,30.89
2021/05/30 22:00:00,31.03
2021/05/30 22:30:00,31.32
2021/05/30 23:00:00,31.05
2021/05/30 23:30:00,30.97
2021/05/31 00:00:00,31.2
2021/05/31 00:30:00,30.82
2021/05/31 01:00:00,31.01
2021/05/31 01:30:00,30.76
2021/05/31 02:00:00,31.09
2021/05/31 02:30:00,30.97
2021/05/31 03:00:00,31.02
2021/05/31 03:30:00,30.91
2021/05/31 04:00:00,31.3
2021/05/31 04:30:00,31.28
2021/05/31 05:00:00,31.06
2021/05/31 05:30:00,30.89
2021/05/31 06:00:00,31.5
2021/05/31 06:30:00,32.83
2021/05/31 07:00:00,32.94
2021/05/31 07:30:00,33.01
2021/05/31 08:00:00,30.36
2021/05/31 08:30:00,18.67
2021/05/31 09:00:00,18.4
2021/05/31 09:30:00,18.43
2021/05/31 10:00:00,18.25
2021/05/31 10:30:00,18.34
2021/05/31 11:00:00,24.11
2021/05/31 11:30:00,31.84
2021/05/31 12:00:00,33.08
2021/05/31 12:30:00,33.59
2021/05/31 13:00:00,34.25
2021/05/31 13:30:00,32.85
2021/05/31 14:00:00,31.25
2021/05/31 14:30:00,22.27
2021/05/31 15:00:00,26.81
2021/05/31 15:30:00,32.77
2021/05/31 16:00:00,31.87
2021/05/31 16:30:00,31.49
2021/05/31 17:00:00,31.58
2021/05/31 17:30:00,30.93
2021/05/31 18:00:00,31.35
2021/05/31 18:30:00,30.84
2021/05/31 19:00:00,30.82
2021/05/31 19:30:00,30.79
2021/05/31 20:00:00,30.84
2021/05/31 20:30:00,31.09
2021/05/31 21:00:00,30.96
2021/05/31 21:30:00,31.05
2021/05/31 22:00:00,31.07
2021/05/31 22:30:00,31.31
2021/05/31 23:00:00,31.28
2021/05/31 23:30:00,31.01
2021/06/01 00:00:00,30.8
2021/06/01 00:30:00,31.19
2021/06/01 01:00:00,31.17
2021/06/01 01:30:00,31.15
2021/06/01 02:00:00,31.24
2021/06/01 02:30:00,31.13
2021/06/01 03:00:00,30.97
2021/06/01 03:30:00,30.98
2021/06/01 04:00:00,30.85
2021/06/01 04:30:00,31.11
2021/06/01 05:00:00,30.96
2021/06/01 05:30:00,30.48
2021/06/01 06:00:00,30.84
2021/06/01 06:30:00,32.44
2021/06/01 07:00:00,32.48
2021/06/01 07:30:00,33.19
2021/06/01 08:00:00,32.78
2021/06/01 08:30:00,33.49
2021/06/01 09:00:00,32.53
2021/06/01 09:30:00,34.27
2021/06/01 10:00:00,34.12
2021/06/01 10:30:00,34.64
2021/06/01 11:00:00,29.57
2021/06/01 11:30:00,22.94
2021/06/01 12:00:00,27.45
2021/06/01 12:30:00,33.72
2021/06/01 13:00:00,34.11
2021/06/01 13:30:00,33.58
2021/06/01 14:00:00,33.29
2021/06/01 14:30:00,33.65
2021/06/01 15:00:00,33.73
2021/06/01 15:30:00,33.73
2021/06/01 16:00:00,33.33
2021/06/01 16:30:00,33.76
2021/06/01 17:00:00,30.86
2021/06/01 17:30:00,27.72
2021/06/01 18:00:00,27.55
2021/06/01 18:30:00,26.95
2021/06/01 19:00:00,27.09
2021/06/01 19:30:00,26.93
2021/06/01 20:00:00,27.02
2021/06/01 20:30:00,27.37
2021/06/01 21:00:00,27.31
2021/06/01 21:30:00,27.37
2021/06/01 22:00:00,27.45
2021/06/01 22:30:00,28.04
2021/06/01 23:00:00,27.2
2021/06/01 23:30:00,27.41
2021/06/02 00:00:00,27.52
2021/06/02 00:30:00,27.11
2021/06/02 01:00:00,27.3
2021/06/02 01:30:00,27.24
2021/06/02 02:00:00,27.25
2021/06/02 02:30:00,27.47
2021/06/02 03:00:00,27.27
2021/06/02 03:30:00,27.44
2021/06/02 04:00:00,27.57
2021/06/02 04:30:00,27.6
2021/06/02 05:00:00,27.48
2021/06/02 05:30:00,27.3
2021/06/02 06:00:00,27.99
2021/06/02 06:30:00,31.22
2021/06/02 07:00:00,32.51
2021/06/02 07:30:00,32.82
2021/06/02 08:00:00,33.35
2021/06/02 08:30:00,33.33
2021/06/02 09:00:00,33.31
2021/06/02 09:30:00,33.03
2021/06/02 10:00:00,33.32
2021/06/02 10:30:00,33.19
2021/06/02 11:00:00,31.64
2021/06/02 11:30:00,28.55
2021/06/02 12:00:00,29.06
2021/06/02 12:30:00,28.89
2021/06/02 13:00:00,29.29
2021/06/02 13:30:00,28.67
2021/06/02 14:00:00,28.37
2021/06/02 14:30:00,28.91
2021/06/02 15:00:00,27.87
2021/06/02 15:30:00,33.25
2021/06/02 16:00:00,33.1
2021/06/02 16:30:00,33.83
2021/06/02 17:00:00,32.49
2021/06/02 17:30:00,31.41
2021/06/02 18:00:00,31.57
2021/06/02 18:30:00,31.12
2021/06/02 19:00:00,30.75
2021/06/02 19:30:00,31.06
2021/06/02 20:00:00,30.92
2021/06/02 20:30:00,31.3
2021/06/02 21:00:00,31.43
2021/06/02 21:30:00,31.27
2021/06/02 22:00:00,31.45
2021/06/02 22:30:00,31.42
2021/06/02 23:00:00,31.13
2021/06/02 23:30:00,31.59
2021/06/03 00:00:00,31.58
2021/06/03 00:30:00,31.16
2021/06/03 01:00:00,31.35
2021/06/03 01:30:00,31.49
2021/06/03 02:00:00,31.42
2021/06/03 02:30:00,31.75
2021/06/03 03:00:00,31.36
2021/06/03 03:30:00,31.33
2021/06/03 04:00:00,31.63
2021/06/03 04:30:00,31.44
2021/06/03 05:00:00,31.26
2021/06/03 05:30:00,31.42
2021/06/03 06:00:00,31.56
2021/06/03 06:30:00,32.99
2021/06/03 07:00:00,32.12
2021/06/03 07:30:00,32.39
2021/06/03 08:00:00,33.43
2021/06/03 08:30:00,33.62
2021/06/03 09:00:00,34.04
2021/06/03 09:30:00,33.6
2021/06/03 10:00:00,33.62
2021/06/03 10:30:00,33.64
2021/06/03 11:00:00,29.61
2021/06/03 11:30:00,26.91
2021/06/03 12:00:00,21.38
2021/06/03 12:30:00,21.56
2021/06/03 13:00:00,20.96
2021/06/03 13:30:00,20.47
2021/06/03 14:00:00,21.92
2021/06/03 14:30:00,21.94
2021/06/03 15:00:00,26.69
2021/06/03 15:30:00,33.6
2021/06/03 16:00:00,32.78
2021/06/03 16:30:00,33.9
2021/06/03 17:00:00,32.92
2021/06/03 17:30:00,33
2021/06/03 18:00:00,31.99
2021/06/03 18:30:00,31.51
2021/06/03 19:00:00,30.86
2021/06/03 19:30:00,30.77
2021/06/03 20:00:00,31.21
2021/06/03 20:30:00,29.19
2021/06/03 21:00:00,27.49
2021/06/03 21:30:00,27.36
2021/06/03 22:00:00,27.44
2021/06/03 22:30:00,27.73
2021/06/03 23:00:00,27.46
2021/06/03 23:30:00,27.37
2021/06/04 00:00:00,27.44
2021/06/04 00:30:00,27.46
2021/06/04 01:00:00,27.42
2021/06/04 01:30:00,27.28
2021/06/04 02:00:00,27.47
2021/06/04 02:30:00,27.49
2021/06/04 03:00:00,27.77
2021/06/04 03:30:00,28.4
2021/06/04 04:00:00,28.53
2021/06/04 04:30:00,28.72
2021/06/04 05:00:00,28.57
2021/06/04 05:30:00,28.19
2021/06/04 06:00:00,29.06
2021/06/04 06:30:00,30.86
2021/06/04 07:00:00,29.97
2021/06/04 07:30:00,30.96
2021/06/04 08:00:00,34.89
2021/06/04 08:30:00,34.73
2021/06/04 09:00:00,35.26
2021/06/04 09:30:00,35.35
2021/06/04 10:00:00,34.93
2021/06/04 10:30:00,36.59
2021/06/04 11:00:00,33.16
2021/06/04 11:30:00,25.95
2021/06/04 12:00:00,29.56
2021/06/04 12:30:00,29.47
2021/06/04 13:00:00,29.72
2021/06/04 13:30:00,30.47
2021/06/04 14:00:00,29.62
2021/06/04 14:30:00,30.83
2021/06/04 15:00:00,31.66
2021/06/04 15:30:00,34.06
2021/06/04 16:00:00,34.1
2021/06/04 16:30:00,33.75
2021/06/04 17:00:00,32.39
2021/06/04 17:30:00,31.61
2021/06/04 18:00:00,31.71
2021/06/04 18:30:00,31.35
2021/06/04 19:00:00,29.95
2021/06/04 19:30:00,27.4
2021/06/04 20:00:00,27.72
2021/06/04 20:30:00,27.88
2021/06/04 21:00:00,27.66
2021/06/04 21:30:00,27.89
2021/06/04 22:00:00,27.75
2021/06/04 22:30:00,28.16
2021/06/04 23:00:00,27.83
2021/06/04 23:30:00,27.9
2021/06/05 00:00:00,27.79
2021/06/05 00:30:00,27.93
2021/06/05 01:00:00,27.87
2021/06/05 01:30:00,27.97
2021/06/05 02:00:00,27.65
2021/06/05 02:30:00,27.75
2021/06/05 03:00:00,27.49
2021/06/05 03:30:00,27.77
2021/06/05 04:00:00,27.89
2021/06/05 04:30:00,27.86
2021/06/05 05:00:00,27.83
2021/06/05 05:30:00,27.69
2021/06/05 06:00:00,28.48
2021/06/05 06:30:00,29.86
2021/06/05 07:00:00,29.8
2021/06/05 07:30:00,29.78
2021/06/05 08:00:00,32.2
2021/06/05 08:30:00,33.98
2021/06/05 09:00:00,34.22
2021/06/05 09:30:00,34.14
2021/06/05 10:00:00,33.64
2021/06/05 10:30:00,33.91
2021/06/05 11:00:00,32.4
2021/06/05 11:30:00,30.34
2021/06/05 12:00:00,29.42
2021/06/05 12:30:00,28.51
2021/06/05 13:00:00,29.13
2021/06/05 13:30:00,28.49
2021/06/05 14:00:00,28.62
2021/06/05 14:30:00,28.84
2021/06/05 15:00:00,30.51
2021/06/05 15:30:00,32.46
2021/06/05 16:00:00,32.79
2021/06/05 16:30:00,32.22
2021/06/05 17:00:00,30.77
2021/06/05 17:30:00,31.05
2021/06/05 18:00:00,30.51
2021/06/05 18:30:00,30.35
2021/06/05 19:00:00,30.32
2021/06/05 19:30:00,30.4
2021/06/05 20:00:00,30.22
2021/06/05 20:30:00,30.58
2021/06/05 21:00:00,30.44
2021/06/05 21:30:00,30.68
2021/06/05 22:00:00,30.58
2021/06/05 22:30:00,30.92
2021/06/05 23:00:00,30.64
2021/06/05 23:30:00,30.83
2021/06/06 00:00:00,30.67
2021/06/06 00:30:00,30.69
2021/06/06 01:00:00,30.56
2021/06/06 01:30:00,30.53
2021/06/06 02:00:00,30.59
2021/06/06 02:30:00,30.67
2021/06/06 03:00:00,30.7
2021/06/06 03:30:00,30.69
2021/06/06 04:00:00,30.84
2021/06/06 04:30:00,30.97
2021/06/06 05:00:00,30.72
2021/06/06 05:30:00,30.76
2021/06/06 06:00:00,30.7
2021/06/06 06:30:00,32.2
2021/06/06 07:00:00,32.08
2021/06/06 07:30:00,32.97
2021/06/06 08:00:00,32.67
2021/06/06 08:30:00,33.16
2021/06/06 09:00:00,33.88
2021/06/06 09:30:00,33.23
2021/06/06 10:00:00,32.64
2021/06/06 10:30:00,32.26
2021/06/06 11:00:00,30.89
2021/06/06 11:30:00,28.59
2021/06/06 12:00:00,28.52
2021/06/06 12:30:00,28.23
2021/06/06 13:00:00,28.95
2021/06/06 13:30:00,28.26
2021/06/06 14:00:00,28.01
2021/06/06 14:30:00,28.86
2021/06/06 15:00:00,31.32
2021/06/06 15:30:00,33.22
2021/06/06 16:00:00,32.77
2021/06/06 16:30:00,32.79
2021/06/06 17:00:00,31.04
2021/06/06 17:30:00,30.73
2021/06/06 18:00:00,30.6
2021/06/06 18:30:00,27.07
2021/06/06 19:00:00,26.32
2021/06/06 19:30:00,26.31
2021/06/06 20:00:00,26.36
2021/06/06 20:30:00,26.59
2021/06/06 21:00:00,26.73
2021/06/06 21:30:00,26.68
2021/06/06 22:00:00,26.69
2021/06/06 22:30:00,26.88
2021/06/06 23:00:00,26.74
2021/06/06 23:30:00,26.78
2021/06/07 00:00:00,26.59
2021/06/07 00:30:00,26.65
2021/06/07 01:00:00,26.68
2021/06/07 01:30:00,26.89
2021/06/07 02:00:00,26.71
2021/06/07 02:30:00,26.89
2021/06/07 03:00:00,26.77
2021/06/07 03:30:00,26.95
2021/06/07 04:00:00,26.8
2021/06/07 04:30:00,27.21
2021/06/07 05:00:00,26.57
2021/06/07 05:30:00,26.85
2021/06/07 06:00:00,28.62
2021/06/07 06:30:00,32.76
2021/06/07 07:00:00,32.19
2021/06/07 07:30:00,32.65
2021/06/07 08:00:00,32.79
2021/06/07 08:30:00,33.11
2021/06/07 09:00:00,33.88
2021/06/07 09:30:00,33.75
2021/06/07 10:00:00,33.39
2021/06/07 10:30:00,32.77
2021/06/07 11:00:00,30.34
2021/06/07 11:30:00,21.88
2021/06/07 12:00:00,21.91
2021/06/07 12:30:00,22.15
2021/06/07 13:00:00,22.38
2021/06/07 13:30:00,22.63
2021/06/07 14:00:00,22.11
2021/06/07 14:30:00,22.21
2021/06/07 15:00:00,26.1
2021/06/07 15:30:00,32.94
2021/06/07 16:00:00,33.66
2021/06/07 16:30:00,33.82
2021/06/07 17:00:00,33.33
2021/06/07 17:30:00,31.77
2021/06/07 18:00:00,31.43
2021/06/07 18:30:00,30.21
2021/06/07 19:00:00,30.04
2021/06/07 19:30:00,30.37
2021/06/07 20:00:00,30.18
2021/06/07 20:30:00,30.46
2021/06/07 21:00:00,30.58
2021/06/07 21:30:00,30.38
2021/06/07 22:00:00,30.35
2021/06/07 22:30:00,30.54
2021/06/07 23:00:00,30.3
2021/06/07 23:30:00,28.03
2021/06/08 00:00:00,26.81
2021/06/08 00:30:00,26.97
2021/06/08 01:00:00,26.76
2021/06/08 01:30:00,26.79
2021/06/08 02:00:00,26.71
2021/06/08 02:30:00,26.66
2021/06/08 03:00:00,26.89
2021/06/08 03:30:00,26.84
2021/06/08 04:00:00,26.81
2021/06/08 04:30:00,26.8
2021/06/08 05:00:00,26.48
2021/06/08 05:30:00,26.61
2021/06/08 06:00:00,28.23
2021/06/08 06:30:00,31.18
2021/06/08 07:00:00,31.37
2021/06/08 07:30:00,32.01
2021/06/08 08:00:00,32.4
2021/06/08 08:30:00,33.47
2021/06/08 09:00:00,30.95
2021/06/08 09:30:00,32.68
2021/06/08 10:00:00,23.49
2021/06/08 10:30:00,23.1
2021/06/08 11:00:00,32.89
2021/06/08 11:30:00,33.39
2021/06/08 12:00:00,29
2021/06/08 12:30:00,23.23
2021/06/08 13:00:00,22.84
2021/06/08 13:30:00,22.33
2021/06/08 14:00:00,22.67
2021/06/08 14:30:00,22.45
2021/06/08 15:00:00,26.06
2021/06/08 15:30:00,32.17
2021/06/08 16:00:00,32.65
2021/06/08 16:30:00,32.8
2021/06/08 17:00:00,30.57
2021/06/08 17:30:00,29.63
2021/06/08 18:00:00,29.51
2021/06/08 18:30:00,29.02
2021/06/08 19:00:00,28.92
2021/06/08 19:30:00,29
2021/06/08 20:00:00,28.95
2021/06/08 20:30:00,29.08
2021/06/08 21:00:00,28.96
2021/06/08 21:30:00,29.3
2021/06/08 22:00:00,29.28
2021/06/08 22:30:00,29.43
2021/06/08 23:00:00,29.21
2021/06/08 23:30:00,29.09
2021/06/09 00:00:00,29.34
2021/06/09 00:30:00,29.21
2021/06/09 01:00:00,29.01
2021/06/09 01:30:00,29.24
2021/06/09 02:00:00,29.37
2021/06/09 02:30:00,29.36
2021/06/09 03:00:00,29.1
2021/06/09 03:30:00,29.12
2021/06/09 04:00:00,29.28
2021/06/09 04:30:00,29.47
2021/06/09 05:00:00,28.95
2021/06/09 05:30:00,29.17
2021/06/09 06:00:00,29.79
2021/06/09 06:30:00,31
2021/06/09 07:00:00,30.3
2021/06/09 07:30:00,31.19
2021/06/09 08:00:00,34.47
2021/06/09 08:30:00,34.29
2021/06/09 09:00:00,34.43
2021/06/09 09:30:00,34.77
2021/06/09 10:00:00,34.22
2021/06/09 10:30:00,34.18
2021/06/09 11:00:00,29.97
2021/06/09 11:30:00,23.27
2021/06/09 12:00:00,22.41
2021/06/09 12:30:00,22.76
2021/06/09 13:00:00,22.84
2021/06/09 13:30:00,22.55
2021/06/09 14:00:00,22.4
2021/06/09 14:30:00,22.61
2021/06/09 15:00:00,27.02
2021/06/09 15:30:00,33.31
2021/06/09 16:00:00,33.39
2021/06/09 16:30:00,33.55
2021/06/09 17:00:00,31.27
2021/06/09 17:30:00,30.99
2021/06/09 18:00:00,31.03
2021/06/09 18:30:00,30.73
2021/06/09 19:00:00,30.6
2021/06/09 19:30:00,30.6
2021/06/09 20:00:00,30.63
2021/06/09 20:30:00,30.92
2021/06/09 21:00:00,30.86
2021/06/09 21:30:00,30.7
2021/06/09 22:00:00,31.13
2021/06/09 22:30:00,31.17
2021/06/09 23:00:00,31.08
2021/06/09 23:30:00,30.95
2021/06/10 00:00:00,30.87
2021/06/10 00:30:00,31.18
2021/06/10 01:00:00,31.01
2021/06/10 01:30:00,31.15
2021/06/10 02:00:00,31.01
2021/06/10 02:30:00,30.72
2021/06/10 03:00:00,30.82
2021/06/10 03:30:00,30.75
2021/06/10 04:00:00,30.83
2021/06/10 04:30:00,31.1
2021/06/10 05:00:00,30.83
2021/06/10 05:30:00,30.94
2021/06/10 06:00:00,31.79
2021/06/10 06:30:00,32.59
2021/06/10 07:00:00,32.94
2021/06/10 07:30:00,33.16
2021/06/10 08:00:00,35.29
2021/06/10 08:30:00,35.13
2021/06/10 09:00:00,35.59
2021/06/10 09:30:00,35.32
2021/06/10 10:00:00,34.95
2021/06/10 10:30:00,35.98
2021/06/10 11:00:00,30.97
2021/06/10 11:30:00,24.36
2021/06/10 12:00:00,23.66
2021/06/10 12:30:00,24.17
2021/06/10 13:00:00,24.38
2021/06/10 13:30:00,23.82
2021/06/10 14:00:00,24.34
2021/06/10 14:30:00,24.62
2021/06/10 15:00:00,32.25
2021/06/10 15:30:00,35.69
2021/06/10 16:00:00,34.64
2021/06/10 16:30:00,34.05
2021/06/10 17:00:00,32.66
2021/06/10 17:30:00,31.94
2021/06/10 18:00:00,32.66
2021/06/10 18:30:00,31.37
2021/06/10 19:00:00,31.27
2021/06/10 19:30:00,31.46
2021/06/10 20:00:00,31.31
2021/06/10 20:30:00,31.32
2021/06/10 21:00:00,31.59
2021/06/10 21:30:00,31.42
2021/06/10 22:00:00,31.89
2021/06/10 22:30:00,31.68
2021/06/10 23:00:00,31.54
2021/06/10 23:30:00,31.64
2021/06/11 00:00:00,31.63
2021/06/11 00:30:00,31.8
2021/06/11 01:00:00,31.52
2021/06/11 01:30:00,31.51
2021/06/11 02:00:00,31.73
2021/06/11 02:30:00,31.35
2021/06/11 03:00:00,31.39
2021/06/11 03:30:00,31.27
2021/06/11 04:00:00,31.46
2021/06/11 04:30:00,31.45
2021/06/11 05:00:00,31.26
2021/06/11 05:30:00,31.09
2021/06/11 06:00:00,32.44
2021/06/11 06:30:00,33.06
2021/06/11 07:00:00,32.39
2021/06/11 07:30:00,33.21
2021/06/11 08:00:00,33.64
2021/06/11 08:30:00,35.34
2021/06/11 09:00:00,35.17
2021/06/11 09:30:00,35.44
2021/06/11 10:00:00,32.67
2021/06/11 10:30:00,33.99
2021/06/11 11:00:00,29.2
2021/06/11 11:30:00,23.96
2021/06/11 12:00:00,24.31
2021/06/11 12:30:00,24.93
2021/06/11 13:00:00,25.01
2021/06/11 13:30:00,24.23
2021/06/11 14:00:00,23.76
2021/06/11 14:30:00,23.71
2021/06/11 15:00:00,32.46
2021/06/11 15:30:00,34.5
2021/06/11 16:00:00,34.59
2021/06/11 16:30:00,34.9
2021/06/11 17:00:00,35.17
2021/06/11 17:30:00,33.89
2021/06/11 18:00:00,32.86
2021/06/11 18:30:00,32.51
2021/06/11 19:00:00,32.43
2021/06/11 19:30:00,31.93
2021/06/11 20:00:00,32.65
2021/06/11 20:30:00,32.75
2021/06/11 21:00:00,32.63
2021/06/11 21:30:00,32.08
2021/06/11 22:00:00,32.61
2021/06/11 22:30:00,33.29
2021/06/11 23:00:00,33.01
2021/06/11 23:30:00,32.72
2021/06/12 00:00:00,32.66
2021/06/12 00:30:00,32.91
2021/06/12 01:00:00,32.65
2021/06/12 01:30:00,33.04
2021/06/12 02:00:00,32.7
2021/06/12 02:30:00,32.71
2021/06/12 03:00:00,32.57
2021/06/12 03:30:00,32.73
2021/06/12 04:00:00,32.49
2021/06/12 04:30:00,32.8
2021/06/12 05:00:00,32.8
2021/06/12 05:30:00,32.55
2021/06/12 06:00:00,33.38
2021/06/12 06:30:00,34.66
2021/06/12 07:00:00,34.06
2021/06/12 07:30:00,34.66
2021/06/12 08:00:00,34.39
2021/06/12 08:30:00,34.2
2021/06/12 09:00:00,34.8
2021/06/12 09:30:00,35.63
2021/06/12 10:00:00,34.82
2021/06/12 10:30:00,34.42
2021/06/12 11:00:00,25.63
2021/06/12 11:30:00,23.25
2021/06/12 12:00:00,22.96
2021/06/12 12:30:00,23.11
2021/06/12 13:00:00,23.78
2021/06/12 13:30:00,22.96
2021/06/12 14:00:00,23.01
2021/06/12 14:30:00,23.58
2021/06/12 15:00:00,31.48
2021/06/12 15:30:00,33.97
2021/06/12 16:00:00,34.19
2021/06/12 16:30:00,34.83
2021/06/12 17:00:00,34.13
2021/06/12 17:30:00,32.81
2021/06/12 18:00:00,32.9
2021/06/12 18:30:00,33.12
2021/06/12 19:00:00,33.39
2021/06/12 19:30:00,33.18
2021/06/12 20:00:00,33.01
2021/06/12 20:30:00,32.9
2021/06/12 21:00:00,32.58
2021/06/12 21:30:00,32.7
2021/06/12 22:00:00,32.73
2021/06/12 22:30:00,32.78
2021/06/12 23:00:00,32.55
2021/06/12 23:30:00,32.91
2021/06/13 00:00:00,32.54
2021/06/13 00:30:00,32.47
2021/06/13 01:00:00,32.42
2021/06/13 01:30:00,32.97
2021/06/13 02:00:00,32.62
2021/06/13 02:30:00,32.99
2021/06/13 03:00:00,32.71
2021/06/13 03:30:00,32.72
2021/06/13 04:00:00,32.54
2021/06/13 04:30:00,32.9
2021/06/13 05:00:00,32.72
2021/06/13 05:30:00,32.73
2021/06/13 06:00:00,33.39
2021/06/13 06:30:00,34.46
2021/06/13 07:00:00,34.75
2021/06/13 07:30:00,36.46
2021/06/13 08:00:00,36.33
2021/06/13 08:30:00,36.27
2021/06/13 09:00:00,36.61
2021/06/13 09:30:00,37.04
2021/06/13 10:00:00,36.43
2021/06/13 10:30:00,35.65
2021/06/13 11:00:00,27.17
2021/06/13 11:30:00,24.8
2021/06/13 12:00:00,25.05
2021/06/13 12:30:00,25.91
2021/06/13 13:00:00,24.65
2021/06/13 13:30:00,24.12
2021/06/13 14:00:00,24.09
2021/06/13 14:30:00,24.35
2021/06/13 15:00:00,32.83
2021/06/13 15:30:00,34.95
2021/06/13 16:00:00,34.98
2021/06/13 16:30:00,35.78
2021/06/13 17:00:00,35.08
2021/06/13 17:30:00,34.29
2021/06/13 18:00:00,33
2021/06/13 18:30:00,32.93
2021/06/13 19:00:00,32.59
2021/06/13 19:30:00,32.76
2021/06/13 20:00:00,32.84
2021/06/13 20:30:00,32.7
2021/06/13 21:00:00,32.56
2021/06/13 21:30:00,32.78
2021/06/13 22:00:00,32.45
2021/06/13 22:30:00,33.12
2021/06/13 23:00:00,32.87
2021/06/13 23:30:00,32.67
2021/06/14 00:00:00,32.56
2021/06/14 00:30:00,32.64
2021/06/14 01:00:00,32.85
2021/06/14 01:30:00,32.95
2021/06/14 02:00:00,32.65
2021/06/14 02:30:00,32.96
2021/06/14 03:00:00,32.9
2021/06/14 03:30:00,32.59
2021/06/14 04:00:00,32.82
2021/06/14 04:30:00,32.71
2021/06/14 05:00:00,32.63
2021/06/14 05:30:00,32.52
2021/06/14 06:00:00,32.53
2021/06/14 06:30:00,34.71
2021/06/14 07:00:00,34.34
2021/06/14 07:30:00,34.76
2021/06/14 08:00:00,34.51
2021/06/14 08:30:00,39.05
2021/06/14 09:00:00,41.41
2021/06/14 09:30:00,40.57
2021/06/14 10:00:00,39.99
2021/06/14 10:30:00,39.7
2021/06/14 11:00:00,31.44
2021/06/14 11:30:00,28.78
2021/06/14 12:00:00,29.37
2021/06/14 12:30:00,30.25
2021/06/14 13:00:00,32.15
2021/06/14 13:30:00,29.13
2021/06/14 14:00:00,29.87
2021/06/14 14:30:00,30.47
2021/06/14 15:00:00,35.22
2021/06/14 15:30:00,31.35
2021/06/14 16:00:00,35.34
2021/06/14 16:30:00,39.97
2021/06/14 17:00:00,38.49
2021/06/14 17:30:00,36.83
2021/06/14 18:00:00,36.91
2021/06/14 18:30:00,36.67
2021/06/14 19:00:00,36.68
2021/06/14 19:30:00,36.62
2021/06/14 20:00:00,27.3
2021/06/14 20:30:00,28.22
2021/06/14 21:00:00,36.7
2021/06/14 21:30:00,36.8
2021/06/14 22:00:00,36.91
2021/06/14 22:30:00,36.81
2021/06/14 23:00:00,36.78
2021/06/14 23:30:00,36.66
2021/06/15 00:00:00,36.71
2021/06/15 00:30:00,36.58
2021/06/15 01:00:00,36.35
2021/06/15 01:30:00,36.49
2021/06/15 02:00:00,36.78
2021/06/15 02:30:00,36.54
2021/06/15 03:00:00,36.9
2021/06/15 03:30:00,36.49
2021/06/15 04:00:00,36.6
2021/06/15 04:30:00,36.84
2021/06/15 05:00:00,36.49
2021/06/15 05:30:00,36.26
2021/06/15 06:00:00,37.24
2021/06/15 06:30:00,38
2021/06/15 07:00:00,37.49
2021/06/15 07:30:00,35.18
2021/06/15 08:00:00,37.91
2021/06/15 08:30:00,38.99
2021/06/15 09:00:00,39.93
2021/06/15 09:30:00,39.78
2021/06/15 10:00:00,39.27
2021/06/15 10:30:00,38.96
2021/06/15 11:00:00,35.09
2021/06/15 11:30:00,40.44
2021/06/15 12:00:00,39.06
2021/06/15 12:30:00,39.4
2021/06/15 13:00:00,39.77
2021/06/15 13:30:00,38.84
2021/06/15 14:00:00,39.81
2021/06/15 14:30:00,39.65
2021/06/15 15:00:00,39.27
2021/06/15 15:30:00,36.16
2021/06/15 16:00:00,35.52
2021/06/15 16:30:00,34.76
2021/06/15 17:00:00,34.05
2021/06/15 17:30:00,33.28
2021/06/15 18:00:00,33.17
2021/06/15 18:30:00,32.86
2021/06/15 19:00:00,32.84
2021/06/15 19:30:00,32.73
2021/06/15 20:00:00,32.95
2021/06/15 20:30:00,32.85
2021/06/15 21:00:00,32.7
2021/06/15 21:30:00,32.95
2021/06/15 22:00:00,32.87
2021/06/15 22:30:00,33.26
2021/06/15 23:00:00,33.36
2021/06/15 23:30:00,33.08
2021/06/16 00:00:00,33.07
2021/06/16 00:30:00,32.97
2021/06/16 01:00:00,33.15
2021/06/16 01:30:00,29.43
2021/06/16 02:00:00,28.96
2021/06/16 02:30:00,29.05
2021/06/16 03:00:00,29.22
2021/06/16 03:30:00,29.05
2021/06/16 04:00:00,29.01
2021/06/16 04:30:00,29.53
2021/06/16 05:00:00,29.33
2021/06/16 05:30:00,28.99
2021/06/16 06:00:00,29.53
2021/06/16 06:30:00,32.09
2021/06/16 07:00:00,34.14
2021/06/16 07:30:00,35.06
2021/06/16 08:00:00,35.35
2021/06/16 08:30:00,35.07
2021/06/16 09:00:00,35.2
2021/06/16 09:30:00,35.35
2021/06/16 10:00:00,35.58
2021/06/16 10:30:00,35
2021/06/16 11:00:00,30.46
2021/06/16 11:30:00,28
2021/06/16 12:00:00,27.49
2021/06/16 12:30:00,27.86
2021/06/16 13:00:00,27.45
2021/06/16 13:30:00,27.97
2021/06/16 14:00:00,27.93
2021/06/16 14:30:00,27.63
2021/06/16 15:00:00,35.54
2021/06/16 15:30:00,38.76
2021/06/16 16:00:00,39.64
2021/06/16 16:30:00,40.03
2021/06/16 17:00:00,39.11
2021/06/16 17:30:00,38.25
2021/06/16 18:00:00,38.09
2021/06/16 18:30:00,37.59
2021/06/16 19:00:00,37.68
2021/06/16 19:30:00,37.21
2021/06/16 20:00:00,36.79
2021/06/16 20:30:00,37.3
2021/06/16 21:00:00,37.24
2021/06/16 21:30:00,37.14
2021/06/16 22:00:00,37.23
2021/06/16 22:30:00,37.69
2021/06/16 23:00:00,37.73
2021/06/16 23:30:00,37.35
2021/06/17 00:00:00,36.94
2021/06/17 00:30:00,37.33
2021/06/17 01:00:00,37.49
2021/06/17 01:30:00,37.28
2021/06/17 02:00:00,37.4
2021/06/17 02:30:00,37.39
2021/06/17 03:00:00,37.73
2021/06/17 03:30:00,37.59
2021/06/17 04:00:00,37.16
2021/06/17 04:30:00,37.82
2021/06/17 05:00:00,37.46
2021/06/17 05:30:00,36.99
2021/06/17 06:00:00,38.16
2021/06/17 06:30:00,39.14
2021/06/17 07:00:00,39.43
2021/06/17 07:30:00,39.62
2021/06/17 08:00:00,39.8
2021/06/17 08:30:00,40.45
2021/06/17 09:00:00,40.07
2021/06/17 09:30:00,40.25
2021/06/17 10:00:00,40.99
2021/06/17 10:30:00,40.63
2021/06/17 11:00:00,32.54
2021/06/17 11:30:00,29.57
2021/06/17 12:00:00,28.96
2021/06/17 12:30:00,29.2
2021/06/17 13:00:00,30.72
2021/06/17 13:30:00,30.73
2021/06/17 14:00:00,30.06
2021/06/17 14:30:00,30.91
2021/06/17 15:00:00,38.85
2021/06/17 15:30:00,40.64
2021/06/17 16:00:00,40.78
2021/06/17 16:30:00,41.36
2021/06/17 17:00:00,40.2
2021/06/17 17:30:00,39.47
2021/06/17 18:00:00,39.16
2021/06/17 18:30:00,37.71
2021/06/17 19:00:00,37.52
2021/06/17 19:30:00,37.38
2021/06/17 20:00:00,37.64
2021/06/17 20:30:00,37.83
2021/06/17 21:00:00,36.92
2021/06/17 21:30:00,35.12
2021/06/17 22:00:00,34.76
2021/06/17 22:30:00,34.55
2021/06/17 23:00:00,28.06
2021/06/17 23:30:00,27.86
2021/06/18 00:00:00,27.6
2021/06/18 00:30:00,27.62
2021/06/18 01:00:00,27.74
2021/06/18 01:30:00,27.66
2021/06/18 02:00:00,27.63
2021/06/18 02:30:00,28.08
2021/06/18 03:00:00,27.63
2021/06/18 03:30:00,27.54
2021/06/18 04:00:00,27.77
2021/06/18 04:30:00,27.94
2021/06/18 05:00:00,27.66
2021/06/18 05:30:00,27.41
2021/06/18 06:00:00,32.11
2021/06/18 06:30:00,36.56
2021/06/18 07:00:00,36.16
2021/06/18 07:30:00,36.09
2021/06/18 08:00:00,36.92
2021/06/18 08:30:00,36.64
2021/06/18 09:00:00,38.01
2021/06/18 09:30:00,38
2021/06/18 10:00:00,38.55
2021/06/18 10:30:00,39.52
2021/06/18 11:00:00,30.04
2021/06/18 11:30:00,25.64
2021/06/18 12:00:00,26.57
2021/06/18 12:30:00,26.3
2021/06/18 13:00:00,26.62
2021/06/18 13:30:00,27.07
2021/06/18 14:00:00,26.46
2021/06/18 14:30:00,26.52
2021/06/18 15:00:00,35.53
2021/06/18 15:30:00,37.82
2021/06/18 16:00:00,37.3
2021/06/18 16:30:00,36.9
2021/06/18 17:00:00,35.58
2021/06/18 17:30:00,34.37
2021/06/18 18:00:00,34.21
2021/06/18 18:30:00,34.31
2021/06/18 19:00:00,34
2021/06/18 19:30:00,33.93
2021/06/18 20:00:00,34.38
2021/06/18 20:30:00,34.12
2021/06/18 21:00:00,34.2
2021/06/18 21:30:00,34.3
2021/06/18 22:00:00,34.09
2021/06/18 22:30:00,34.51
2021/06/18 23:00:00,34.62
2021/06/18 23:30:00,34.3
2021/06/19 00:00:00,34.33
2021/06/19 00:30:00,34.24
2021/06/19 01:00:00,34.12
2021/06/19 01:30:00,34.2
2021/06/19 02:00:00,33.97
2021/06/19 02:30:00,33.89
2021/06/19 03:00:00,33.91
2021/06/19 03:30:00,33.97
2021/06/19 04:00:00,34.04
2021/06/19 04:30:00,34.5
2021/06/19 05:00:00,34.36
2021/06/19 05:30:00,34.21
2021/06/19 06:00:00,34.56
2021/06/19 06:30:00,35.87
2021/06/19 07:00:00,35.47
2021/06/19 07:30:00,34.38
2021/06/19 08:00:00,33.46
2021/06/19 08:30:00,34.1
2021/06/19 09:00:00,34.42
2021/06/19 09:30:00,34.76
2021/06/19 10:00:00,34.5
2021/06/19 10:30:00,33.6
2021/06/19 11:00:00,26.43
2021/06/19 11:30:00,23.6
2021/06/19 12:00:00,23.7
2021/06/19 12:30:00,23.95
2021/06/19 13:00:00,24.4
2021/06/19 13:30:00,22.88
2021/06/19 14:00:00,23.23
2021/06/19 14:30:00,23.64
2021/06/19 15:00:00,31.26
2021/06/19 15:30:00,33.24
2021/06/19 16:00:00,33.86
2021/06/19 16:30:00,34.96
2021/06/19 17:00:00,32.59
2021/06/19 17:30:00,32.12
2021/06/19 18:00:00,31.9
2021/06/19 18:30:00,32.03
2021/06/19 19:00:00,31.77
2021/06/19 19:30:00,31.83
2021/06/19 20:00:00,31.99
2021/06/19 20:30:00,31.89
2021/06/19 21:00:00,31.79
2021/06/19 21:30:00,31.77
2021/06/19 22:00:00,31.89
2021/06/19 22:30:00,32.12
2021/06/19 23:00:00,32.2
2021/06/19 23:30:00,32.01
2021/06/20 00:00:00,31.97
2021/06/20 00:30:00,28.74
2021/06/20 01:00:00,27.5
2021/06/20 01:30:00,27.64
2021/06/20 02:00:00,27.24
2021/06/20 02:30:00,27.43
2021/06/20 03:00:00,27.42
2021/06/20 03:30:00,27.42
2021/06/20 04:00:00,27.3
2021/06/20 04:30:00,27.6
2021/06/20 05:00:00,27.68
2021/06/20 05:30:00,27.31
2021/06/20 06:00:00,27.54
2021/06/20 06:30:00,30.05
2021/06/20 07:00:00,31.88
2021/06/20 07:30:00,32.89
2021/06/20 08:00:00,32.89
2021/06/20 08:30:00,33.44
2021/06/20 09:00:00,33.03
2021/06/20 09:30:00,33.36
2021/06/20 10:00:00,32.94
2021/06/20 10:30:00,32.96
2021/06/20 11:00:00,24.72
2021/06/20 11:30:00,22.24
2021/06/20 12:00:00,22.25
2021/06/20 12:30:00,23.04
2021/06/20 13:00:00,22.23
2021/06/20 13:30:00,22
2021/06/20 14:00:00,22.3
2021/06/20 14:30:00,22.2
2021/06/20 15:00:00,30.8
2021/06/20 15:30:00,32.79
2021/06/20 16:00:00,32.99
2021/06/20 16:30:00,32.99
2021/06/20 17:00:00,32.2
2021/06/20 17:30:00,31.19
2021/06/20 18:00:00,30.3
2021/06/20 18:30:00,30.35
2021/06/20 19:00:00,30.27
2021/06/20 19:30:00,30.14
2021/06/20 20:00:00,30.07
2021/06/20 20:30:00,29.98
2021/06/20 21:00:00,30.3
2021/06/20 21:30:00,30.35
2021/06/20 22:00:00,30.34
2021/06/20 22:30:00,30.46
2021/06/20 23:00:00,30.62
2021/06/20 23:30:00,30.17
2021/06/21 00:00:00,30.13
2021/06/21 00:30:00,30.13
2021/06/21 01:00:00,30.05
2021/06/21 01:30:00,30.11
2021/06/21 02:00:00,30.53
2021/06/21 02:30:00,30.53
2021/06/21 03:00:00,30.15
2021/06/21 03:30:00,30.11
2021/06/21 04:00:00,30.38
2021/06/21 04:30:00,30.55
2021/06/21 05:00:00,30.09
2021/06/21 05:30:00,29.94
2021/06/21 06:00:00,30.49
2021/06/21 06:30:00,31.94
2021/06/21 07:00:00,32.16
2021/06/21 07:30:00,32.57
2021/06/21 08:00:00,32.87
2021/06/21 08:30:00,33.12
2021/06/21 09:00:00,33.21
2021/06/21 09:30:00,33.51
2021/06/21 10:00:00,34.07
2021/06/21 10:30:00,32.72
2021/06/21 11:00:00,28.66
2021/06/21 11:30:00,19.24
2021/06/21 12:00:00,28.15
2021/06/21 12:30:00,27.86
2021/06/21 13:00:00,27.17
2021/06/21 13:30:00,26.89
2021/06/21 14:00:00,26.87
2021/06/21 14:30:00,27.01
2021/06/21 15:00:00,32.38
2021/06/21 15:30:00,33.38
2021/06/21 16:00:00,33.37
2021/06/21 16:30:00,34.04
2021/06/21 17:00:00,32.89
2021/06/21 17:30:00,31.62
2021/06/21 18:00:00,31.52
2021/06/21 18:30:00,31.04
2021/06/21 19:00:00,31.39
2021/06/21 19:30:00,31.28
2021/06/21 20:00:00,31.27
2021/06/21 20:30:00,31.79
2021/06/21 21:00:00,31.63
2021/06/21 21:30:00,31.41
2021/06/21 22:00:00,31.31
2021/06/21 22:30:00,32.04
2021/06/21 23:00:00,32.04
2021/06/21 23:30:00,31.63
2021/06/22 00:00:00,29.17
2021/06/22 00:30:00,27.9
2021/06/22 01:00:00,27.97
2021/06/22 01:30:00,27.79
2021/06/22 02:00:00,27.86
2021/06/22 02:30:00,27.73
2021/06/22 03:00:00,27.56
2021/06/22 03:30:00,27.67
2021/06/22 04:00:00,27.52
2021/06/22 04:30:00,27.99
2021/06/22 05:00:00,27.87
2021/06/22 05:30:00,27.7
2021/06/22 06:00:00,28.37
2021/06/22 06:30:00,32.72
2021/06/22 07:00:00,32.38
2021/06/22 07:30:00,32.62
2021/06/22 08:00:00,32.97
2021/06/22 08:30:00,33.36
2021/06/22 09:00:00,34.03
2021/06/22 09:30:00,34.94
2021/06/22 10:00:00,34.3
2021/06/22 10:30:00,35.08
2021/06/22 11:00:00,27.96
2021/06/22 11:30:00,24.97
2021/06/22 12:00:00,23.32
2021/06/22 12:30:00,23.83
2021/06/22 13:00:00,24.56
2021/06/22 13:30:00,24.21
2021/06/22 14:00:00,25.02
2021/06/22 14:30:00,28.94
2021/06/22 15:00:00,32.27
2021/06/22 15:30:00,35.06
2021/06/22 16:00:00,35.48
2021/06/22 16:30:00,34.91
2021/06/22 17:00:00,34.21
2021/06/22 17:30:00,33.03
2021/06/22 18:00:00,29.28
2021/06/22 18:30:00,28.69
2021/06/22 19:00:00,28.69
2021/06/22 19:30:00,28.39
2021/06/22 20:00:00,28.8
2021/06/22 20:30:00,28.83
2021/06/22 21:00:00,28.64
2021/06/22 21:30:00,28.79
2021/06/22 22:00:00,28.82
2021/06/22 22:30:00,29.26
2021/06/22 23:00:00,28.99
2021/06/22 23:30:00,29.06
2021/06/23 00:00:00,28.68
2021/06/23 00:30:00,29.07
2021/06/23 01:00:00,28.78
2021/06/23 01:30:00,28.95
2021/06/23 02:00:00,28.26
2021/06/23 02:30:00,28.71
2021/06/23 03:00:00,28.18
2021/06/23 03:30:00,28.6
2021/06/23 04:00:00,28.35
2021/06/23 04:30:00,29.05
2021/06/23 05:00:00,28.62