timestamp,air_pressure,radiation,rain,rain_probability,relative_humidity,temperature,wind_direction,wind_speed
2021-05-18 11:00:00,1010.5,496.8,0,1,71.3,14,230.1,3.2
2021-05-18 12:00:00,1010.5,467.9,0,1,67.7,14.6,249.2,4.3
2021-05-18 13:00:00,1010.2,815.9,0,1,65.4,15.2,239.9,3.5
2021-05-18 14:00:00,1010.1,561.2,0.2,6.6,66.5,15.6,264.4,4.5
2021-05-18 15:00:00,1010.8,386.6,0.3,13.4,70.2,13.4,270.2,3
2021-05-18 16:00:00,1010.6,456.6,0.6,27.7,63.2,13.6,260.6,7.4
2021-05-18 17:00:00,1010.2,243.8,1.9,55.3,58.3,14.2,271.1,3.1
2021-05-18 18:00:00,1010.3,362.9,0,1,56.4,14.4,212.6,2.3
2021-05-18 19:00:00,1010.6,194,0.6,15.3,67.9,13.1,224.7,3.4
2021-05-18 20:00:00,1011.4,81.3,0.1,3.9,74.9,12,216.4,3.7
2021-05-18 21:00:00,1011.7,19.7,0,1,78.5,11,223.2,4.1
2021-05-18 22:00:00,1012.1,0,0.1,3.9,80.4,10.7,243.7,5
2021-05-18 23:00:00,1012,0,0,1,84.5,10.3,256.9,3.2
2021-05-19 00:00:00,1012.1,0,0,1,88.8,9.8,250.4,2.1
2021-05-19 01:00:00,1012,0,0,1,90.6,9.6,280,2
2021-05-19 02:00:00,1012.1,0,0.1,6,92.2,9.3,258.7,1.3
2021-05-19 03:00:00,1011.8,0,0,1,92,9.1,303.5,1.6
2021-05-19 04:00:00,1011.5,0,0,1,90.5,9.1,302.9,1.6
2021-05-19 05:00:00,1011.4,0,0,1,89.9,9,308.9,2.3
2021-05-19 06:00:00,1011.7,14.3,0.3,13.4,89.6,9,308.4,2.7
2021-05-19 07:00:00,1012.2,57,0.3,14.6,88.2,9.1,301.4,2.5
2021-05-19 08:00:00,1013.1,96.1,0.3,15.4,90.9,9.1,291.5,3.1
2021-05-19 09:00:00,1013.7,168.5,0.3,14.1,81.8,10,294.1,3.3
2021-05-19 10:00:00,1014,384.3,0,1,78.7,10.7,323.8,4
2021-05-19 11:00:00,1014.2,683.5,0,1,63.4,13.1,321.2,3.7
2021-05-19 12:00:00,1014.5,739,0,1,53.2,14.6,318.9,3
2021-05-19 13:00:00,1014.7,750.9,0,1,47.7,15.5,258.8,6
2021-05-19 14:00:00,1014.8,803.4,0,1,56.7,15.5,272.2,3
2021-05-19 15:00:00,1015,708,0.1,3.8,58,15.9,286.1,2.6
2021-05-19 16:00:00,1015.5,598.5,0,1,57.2,15.3,304,6.6
2021-05-19 17:00:00,1015.9,264.5,0.1,2.7,60.7,14.8,267.9,4.2
2021-05-19 18:00:00,1016.7,252,0,1,73.3,12.8,266.1,6.2
2021-05-19 19:00:00,1016.8,226.9,0,1,69.2,13,332.8,2.6
2021-05-19 20:00:00,1017.5,122.3,0,1,71.2,12.4,294.8,1
2021-05-19 21:00:00,1018.2,26.3,0,1,79.9,10.6,285.9,2.4
2021-05-19 22:00:00,1018.5,0,0,1,83.9,9.9,265.1,2.2
2021-05-19 23:00:00,1018.6,0,0,1,88.8,9.1,249.4,2.1
2021-05-20 00:00:00,1018.8,0,0,1,91.6,8.5,244,2.6
2021-05-20 01:00:00,1018.6,0,0,1,94,7.5,248.4,2.1
2021-05-20 02:00:00,1018.4,0,0,1,93.5,6.8,214.5,1.8
2021-05-20 03:00:00,1018.2,0,0,1,93.6,6.5,224.4,2.6
2021-05-20 04:00:00,1017.8,0,0,1,93.7,6.3,225.3,2.4
2021-05-20 05:00:00,1017.1,0,0,1,92.5,6.4,218.8,1.7
2021-05-20 06:00:00,1016.7,22.2,0,1,87.9,7.1,203.6,1.7
2021-05-20 07:00:00,1016.4,75.4,0,1,78.7,8.8,189,1.5
2021-05-20 08:00:00,1016,129,0,1,75.4,10.3,195.2,2.2
2021-05-20 09:00:00,1015.2,153.3,0.3,16.3,81.7,11.1,192.3,3.2
2021-05-20 10:00:00,1014.3,202.8,0,1,75.9,11.7,190.7,3.9
2021-05-20 11:00:00,1013.3,104.9,0,1,76.4,11.9,182.2,4.9
2021-05-20 12:00:00,1011.8,220.3,0,1,74.6,12.2,184,5.4
2021-05-20 13:00:00,1010.8,328.5,0,1,70.9,12.5,188.2,5.1
2021-05-20 14:00:00,1009.3,325.6,0.1,5.9,70.6,12.6,188.6,6.5
2021-05-20 15:00:00,1007,319,0.1,4.5,71.8,13,185.1,7.5
2021-05-20 16:00:00,1005.3,199.6,0.2,10,69.5,13.6,198,6.7
2021-05-20 17:00:00,1004.2,162.1,0,1,76.6,12.9,205.5,7.7
2021-05-20 18:00:00,1002.9,166.2,0.1,3.5,76,13.3,209.9,6.5
2021-05-20 19:00:00,1002,171.9,0,1,75.3,12.9,220.1,6.8
2021-05-20 20:00:00,1001.9,88.5,0.1,4,75.7,12,212.2,7.3
2021-05-20 21:00:00,1001.4,20.5,0.1,2.8,75.1,11.4,221,8
2021-05-20 22:00:00,1000.7,0,0,1,74.4,11.2,222.2,6.9
2021-05-20 23:00:00,1000,0,1.2,22.3,73.5,10.9,220.1,7.5
2021-05-21 00:00:00,999.2,0,0.2,3.7,71.9,10.7,214.5,8.1
2021-05-21 01:00:00,998.5,0,0,1,71.8,10.6,218.7,7.3
2021-05-21 02:00:00,997.7,0,0.1,2.8,72.6,10.4,216.1,7.9
2021-05-21 03:00:00,996.7,0,0.1,2.9,74.1,10.3,220.5,7.8
2021-05-21 04:00:00,996,0,0.3,12,74,10.3,223.1,7.4
2021-05-21 05:00:00,995.4,0,0,1,73.6,10.3,220.5,7.3
2021-05-21 06:00:00,995,21.9,0,1,72.6,10.4,221,7.1
2021-05-21 07:00:00,994.7,89.5,0,1,71.4,10.9,223.2,7.5
2021-05-21 08:00:00,994.3,198.4,0.3,8.8,70.6,11.7,219.8,7.1
2021-05-21 09:00:00,994,289,0,1,68.7,12.1,222.7,8.3
2021-05-21 10:00:00,993.7,238.9,0,1,68.8,13,220.2,9.6
2021-05-21 11:00:00,993.5,121.3,0,1,66.8,13.4,224.9,9.7
2021-05-21 12:00:00,993.7,115.9,0,1,67.9,12.4,224.5,8.7
2021-05-21 13:00:00,993.8,127.7,0.2,12.3,67.5,12,221.6,8.4
2021-05-21 14:00:00,993.2,215.2,0.9,45.5,67.5,12.4,224,8.9
2021-05-21 15:00:00,993.2,224.4,0.3,16.6,69.5,12,224.4,9.2
2021-05-21 16:00:00,993.2,314,0.1,7.2,66.5,12.4,227.4,8.5
2021-05-21 17:00:00,992.9,224,0,1,65.9,12.4,229.1,8.5
2021-05-21 18:00:00,992.7,82.7,0.1,5.3,68.5,12,227.1,7.7
2021-05-21 19:00:00,992.4,145.1,0.3,14.3,72.2,11.4,229.7,7.9
2021-05-21 20:00:00,992.4,49.3,0,1,80.4,10.6,228.5,7.2
2021-05-21 21:00:00,992.5,14.5,0,1,81.5,10.2,228.2,6.3
2021-05-21 22:00:00,992.9,0,0.3,13.3,81.1,10,230.8,6.1
2021-05-21 23:00:00,992.9,0,0.3,16.8,82,9.8,236.2,6.7
2021-05-22 00:00:00,993,0,0,2.9,82.8,9.5,234.1,5.8
2021-05-22 01:00:00,993.1,0,0.3,14.3,83.8,9.3,242,5.1
2021-05-22 02:00:00,993.9,0,0.4,22.2,87.8,9.1,242.5,5.1
2021-05-22 03:00:00,993.8,0,0.4,18.2,90.2,9.2,249,4.8
2021-05-22 04:00:00,994.2,0,0.2,8.8,92.5,9.2,258.7,4.1
2021-05-22 05:00:00,994.6,0,0.1,5.3,93.4,9.2,274.1,4.5
2021-05-22 06:00:00,995.6,5.5,0.4,20.6,93.5,9.3,283.4,4.2
2021-05-22 07:00:00,996.7,31.3,0.1,7.6,91.2,9.3,285.1,3.6
2021-05-22 08:00:00,998,141.4,0,1,87.6,9.6,279.3,2.8
2021-05-22 09:00:00,999.1,280.1,0,1,77.8,10.7,263.6,3.1
2021-05-22 10:00:00,999.7,112.5,0,1,72.3,11.5,272.9,3.7
2021-05-22 11:00:00,1000.5,95.9,0,1,69.9,11.8,278.7,3.3
2021-05-22 12:00:00,1001.2,119.7,0,1,68.3,12.6,278,2.7
2021-05-22 13:00:00,1001.4,163.7,0,1,67.7,12.9,290.5,4
2021-05-22 14:00:00,1002,117.1,0,1,67.5,13.3,278.4,2.9
2021-05-22 15:00:00,1002.2,515.7,0,1,65.8,13.9,252.1,2.2
2021-05-22 16:00:00,1002.1,497,0.5,11,64.7,14.4,278.7,2.2
2021-05-22 17:00:00,1002.4,237.3,0.3,8.8,60.9,14,237.2,2.9
2021-05-22 18:00:00,1002.9,252.5,0.2,6.3,63.4,12.9,250.4,2
2021-05-22 19:00:00,1003.7,137.2,0,1,76,11.4,255,2.2
2021-05-22 20:00:00,1004.3,88.6,0,1,77.5,10.4,277.2,3.1
2021-05-22 21:00:00,1004.9,23.5,0,1,83.8,9.3,295.4,3.5
2021-05-22 22:00:00,1005.6,0,0,1,87.2,8.6,267.7,2.1
2021-05-22 23:00:00,1006.1,0,0,1,88.8,8.2,256.9,1.1
2021-05-23 00:00:00,1006.5,0,0,1,89.2,8,231.3,2.3
2021-05-23 01:00:00,1006.9,0,0,1,87.6,7.6,236.1,3.3
2021-05-23 02:00:00,1007.1,0,0,1,84,7.2,253.5,3.8
2021-05-23 03:00:00,1007.1,0,0,1,81.8,6.2,258.9,3.2
2021-05-23 04:00:00,1007.1,0,0,1,83.7,5.4,254.4,2.3
2021-05-23 05:00:00,1007.3,0,0,1,86.9,4.9,235.3,2.6
2021-05-23 06:00:00,1007.6,27.6,0,1,83.1,6.1,236,2.5
2021-05-23 07:00:00,1007.7,111.1,0,1,78,7.3,223.9,2.5
2021-05-23 08:00:00,1008,248.2,0,1,66.9,9.4,228.6,3.5
2021-05-23 09:00:00,1007.9,371.5,0,1,63.4,10.8,217.1,4.2
2021-05-23 10:00:00,1007.4,285.6,0,1,61.4,11.6,208,5.4
2021-05-23 11:00:00,1007.4,373.5,0.3,12.6,60.6,11.8,198.3,5.1
2021-05-23 12:00:00,1007,428.2,0.3,13.7,57.6,12.2,207.7,5
2021-05-23 13:00:00,1006.9,671.7,0.3,15.7,57.2,12.6,207,5
2021-05-23 14:00:00,1006.8,451.3,0.6,31.5,77.2,11.6,210.4,6.9
2021-05-23 15:00:00,1006.3,413.6,0.3,17.4,71,11.5,217.2,5.2
2021-05-23 16:00:00,1005.3,298.9,0.2,10,70.3,11.8,207.4,5.9
2021-05-23 17:00:00,1004.3,188.6,0.1,7.1,76,11.4,199.6,5.1
2021-05-23 18:00:00,1003.3,118.7,0.2,9.2,77.6,11.3,195.8,6.5
2021-05-23 19:00:00,1002.3,84.1,0.4,21.8,77.9,11.2,185,7.8
2021-05-23 20:00:00,1001.6,32.1,0.7,35.9,79.8,10.7,179.1,6
2021-05-23 21:00:00,1000.5,7.2,1.3,63.7,84.2,10.4,175.4,5.2
2021-05-23 22:00:00,999.6,0,1.9,91.1,84.6,10.4,178.7,5.6
2021-05-23 23:00:00,998.3,0,1.5,69.6,85.4,10.5,185.8,5.7
2021-05-24 00:00:00,998.6,0,1,49.2,87.5,10.3,208,5.3
2021-05-24 01:00:00,999.3,0,0.4,18.9,87.2,9.4,218.3,3.5
2021-05-24 02:00:00,999.5,0,0.1,5.1,86.9,8.9,228.7,2.9
2021-05-24 03:00:00,999.3,0,0,1,90.7,8.2,222,2.8
2021-05-24 04:00:00,999.2,0,0,1,92.5,8,216.2,2.3
2021-05-24 05:00:00,999.6,0,0,1,93.1,7.7,209.1,2.3
2021-05-24 06:00:00,999.7,38.1,0,1,92.5,8,210,2.9
2021-05-24 07:00:00,1000.2,151.6,0,1,89.5,9.1,200.3,2.1
2021-05-24 08:00:00,999.9,297.3,0,1,81.2,10.7,189.7,2.5
2021-05-24 09:00:00,999.6,478,0,1,67.6,12,201.9,2.8
2021-05-24 10:00:00,999.5,455,0.2,11.1,66.7,12.4,188.4,5.7
2021-05-24 11:00:00,999.5,361.8,0.2,7,70.5,11.7,199.4,4.8
2021-05-24 12:00:00,999.2,436.5,0,1,76.5,11.6,186.9,2.4
2021-05-24 13:00:00,998.8,445.2,0.4,12.2,68.9,12.1,190.2,5.1
2021-05-24 14:00:00,999.7,219.6,0.9,30.4,75.4,11.4,211.6,5.1
2021-05-24 15:00:00,999.4,850.1,0,1,73.6,11.5,194.8,4
2021-05-24 16:00:00,998.9,410.4,0.6,18.7,62.6,12.1,202.6,2.9
2021-05-24 17:00:00,999.3,377.5,0.8,28.1,66,11.6,248.5,3.3
2021-05-24 18:00:00,999.9,199.1,0.1,3,74.6,10.2,259.7,4.2
2021-05-24 19:00:00,1000.7,192.5,0,1,73.3,10.7,269.4,4.9
2021-05-24 20:00:00,1001.8,78.8,0.2,8.7,82.3,9.8,253.6,5.2
2021-05-24 21:00:00,1002.7,21.7,2.8,77.3,84.9,8.9,294.6,3.2
2021-05-24 22:00:00,1004.2,0,0.4,16.6,86.5,8.3,305.8,4.1
2021-05-24 23:00:00,1005.4,0,0.1,5.6,83.8,8.4,307.9,3.9
2021-05-25 00:00:00,1006.5,0,0,1,80.2,8.6,279.5,3.2
2021-05-25 01:00:00,1007.2,0,0,1,82.8,8.2,261.2,2.8
2021-05-25 02:00:00,1008,0,0,1,88.9,7.4,266.9,3.1
2021-05-25 03:00:00,1008.3,0,0,1,87.7,7.3,265.5,3.8
2021-05-25 04:00:00,1008.8,0,0,1,89.6,6.6,253.4,2.9
2021-05-25 05:00:00,1009.2,0,0,1,90.4,6.5,255.6,2.6
2021-05-25 06:00:00,1009.4,38.2,0,1,88.9,7.2,257.9,3.6
2021-05-25 07:00:00,1009.8,145.6,0,1,86,8.6,260.4,3.9
2021-05-25 08:00:00,1010.5,200,0,1,81.7,9.9,262.6,4.1
2021-05-25 09:00:00,1010.8,294.9,0,1,78,11.1,271,4.5
2021-05-25 10:00:00,1011.2,332,0,1,73.5,12.1,267.8,4.1
2021-05-25 11:00:00,1011.4,254.7,0,1,64.3,12.7,270.3,4.5
2021-05-25 12:00:00,1011.6,95,0,1,59.1,13.3,276.6,5.6
2021-05-25 13:00:00,1011.6,258.3,0,1,56.4,13.7,288.6,4.5
2021-05-25 14:00:00,1012,281.3,0,1,52.9,14.3,265.5,7
2021-05-25 15:00:00,1011.8,511.9,0,1,51.6,14.3,276.4,5
2021-05-25 16:00:00,1011.5,290.1,0,1,48.4,15,295,4
2021-05-25 17:00:00,1011.1,284.5,0,1,52.7,14.3,261,6.4
2021-05-25 18:00:00,1011.2,136.2,0.1,3.8,68.4,12.9,283.6,7.3
2021-05-25 19:00:00,1011.3,151.2,0,1,73.9,12,251.1,4.6
2021-05-25 20:00:00,1011.5,95.3,0,1,80.4,10.9,244.7,4.5
2021-05-25 21:00:00,1011.4,23.3,0,1,84,9.9,238.4,4.1
2021-05-25 22:00:00,1011.3,0,0,1,87.8,9,236.8,3.1
2021-05-25 23:00:00,1011,0,0,1,91.1,8.2,237.4,3.1
2021-05-26 00:00:00,1010.7,0,0,1,93.9,7.4,243.8,2.1
2021-05-26 01:00:00,1010.5,0,0,1,94.2,7.5,256,2.2
2021-05-26 02:00:00,1010.7,0,0,1,95.5,6.2,272.1,1.9
2021-05-26 03:00:00,1010.7,0,0,1,91.5,6.1,284,1.6
2021-05-26 04:00:00,1010.7,0,0,1,89.1,5.7,281,1.7
2021-05-26 05:00:00,1010.7,0,0,1,90,5.5,278.5,2
2021-05-26 06:00:00,1010.7,37.2,0,1,87.9,6.5,266.2,2.8
2021-05-26 07:00:00,1010.9,139.4,0,1,84.7,8,271.1,2.9
2021-05-26 08:00:00,1011.3,258.2,0,1,82.6,9.6,289.3,3.4
2021-05-26 09:00:00,1011.3,268.2,0,1,75.6,11,312,3.3
2021-05-26 10:00:00,1011.4,241,0,1,67.2,12.1,302.3,2.7
2021-05-26 11:00:00,1011.4,314.9,0,1,62.3,12.9,278.9,2.9
2021-05-26 12:00:00,1011.4,354.5,0,1,56.9,14,271.4,3.8
2021-05-26 13:00:00,1011.6,664.5,0,1,51.1,15,279.5,4.1
2021-05-26 14:00:00,1011.9,596.3,0,1,50.1,15.1,262.8,4.6
2021-05-26 15:00:00,1011.9,625.5,0,1,47.3,15.7,275.1,4.7
2021-05-26 16:00:00,1011.8,449.8,0,1,45.3,16.1,298.5,4.5
2021-05-26 17:00:00,1012,223.7,0,1,52.5,15.3,331.6,4.6
2021-05-26 18:00:00,1012.4,124.8,0,1,55.1,15,327.8,4.5
2021-05-26 19:00:00,1012.7,226.1,0,1,62.5,14.2,341.9,2.5
2021-05-26 20:00:00,1013.1,98.8,0,1,68.4,13.3,329.5,2.4
2021-05-26 21:00:00,1013.6,25.1,0,1,76.2,11.6,322.9,3.1
2021-05-26 22:00:00,1014.4,0,0,1,87.9,9.2,337.9,1.7
2021-05-26 23:00:00,1014.9,0,0,1,90.6,8.5,324,1.6
2021-05-27 00:00:00,1015,0,0,1,92.9,7.8,286.1,1.4
2021-05-27 01:00:00,1015,0,0,1,93.9,7.8,252.9,1.5
2021-05-27 02:00:00,1015.8,0,0,1,97.2,7,259.6,1.5
2021-05-27 03:00:00,1015.9,0,0,1,97.5,6.7,267.9,1
2021-05-27 04:00:00,1016.1,0,0,1,98,6.4,296.2,1.1
2021-05-27 05:00:00,1016.2,0,0,1,98,6.1,260.6,1.2
2021-05-27 06:00:00,1016.2,41.6,0,1,95.4,7.5,269.8,1.4
2021-05-27 07:00:00,1016.6,156,0,1,87.8,9.6,275.2,1.6
2021-05-27 08:00:00,1017.2,306.2,0,1,79.2,12.5,270.5,1.5
2021-05-27 09:00:00,1017.5,502.9,0,1,70.5,14.3,271.7,1.8
2021-05-27 10:00:00,1017.7,674.2,0,1,62,15.7,286.1,0.8
2021-05-27 11:00:00,1017.9,809.6,0,1,56.1,16.8,284.2,1.3
2021-05-27 12:00:00,1017.9,880.2,0,1,51.6,17.5,268.7,0.9
2021-05-27 13:00:00,1017.9,951.9,0,1,48.6,18.1,278.6,1.4
2021-05-27 14:00:00,1018.5,846.4,0,1,51.2,17.7,260,2.1
2021-05-27 15:00:00,1018.3,595.5,0,1,50.1,18.1,301.4,2.7
2021-05-27 16:00:00,1018.6,371.2,0,1,50.3,17.9,292.8,1
2021-05-27 17:00:00,1018.5,434.3,0,1,49.9,18,320.9,4.2
2021-05-27 18:00:00,1018.2,267,0,1,49.3,18,87.9,4.7
2021-05-27 19:00:00,1018.2,161.9,0,1,52.9,17.7,103.2,2.8
2021-05-27 20:00:00,1018.8,87.6,0,1,73.5,15.3,101.2,4.2
2021-05-27 21:00:00,1019,26.6,0,1,80.2,13.6,113.6,2.9
2021-05-27 22:00:00,1019.6,0,0,1,84.9,12.5,250.1,2.8
2021-05-27 23:00:00,1019.8,0,0,1,84.2,11.9,233.3,1.5
2021-05-28 00:00:00,1020,0,0,1,85.6,10.9,241.3,0.7
2021-05-28 01:00:00,1020,0,0,1,85.6,10.7,154.9,0.8
2021-05-28 02:00:00,1020.5,0,0,1,86.1,9.9,161.9,1.4
2021-05-28 03:00:00,1020.6,0,0,1,88.8,9.7,164.4,1.5
2021-05-28 04:00:00,1020.7,0,0,1,91.2,9.5,155,1.2
2021-05-28 05:00:00,1020.8,0,0,1,91.3,9.3,191.3,1
2021-05-28 06:00:00,1020.9,20.9,0,1,87.9,10.1,160.2,0.6
2021-05-28 07:00:00,1021.1,86.3,0,1,82.2,11.3,172.9,0.6
2021-05-28 08:00:00,1021.1,184.4,0.3,10,77.1,12.6,154.1,0.9
2021-05-28 09:00:00,1021.1,443.2,0,1,71.8,14.3,86.9,0.6
2021-05-28 10:00:00,1020.8,441.2,0,1,67.1,15.9,97,1.6
2021-05-28 11:00:00,1020.8,524.1,0,1,61.6,17.2,116.8,1.1
2021-05-28 12:00:00,1020.6,702.4,0,1,56.2,18,74.7,1.3
2021-05-28 13:00:00,1020.4,676,0,1,55,18.1,72.9,2.4
2021-05-28 14:00:00,1020.9,444.9,0,1,56.8,17.5,103.3,1.4
2021-05-28 15:00:00,1020.8,388,0.3,14.3,58.4,17.5,90.4,1.3
2021-05-28 16:00:00,1020.7,207.2,0.4,19.8,61.3,17.1,154.7,2.8
2021-05-28 17:00:00,1020.7,337.7,0.6,27.2,63.6,16.8,108.7,2.8
2021-05-28 18:00:00,1020.5,69.8,0.3,15.7,66.7,16.5,42.2,2.4
2021-05-28 19:00:00,1020.6,125.5,1.1,51,69.1,16.2,73.8,1
2021-05-28 20:00:00,1020.8,77.9,0,1,74.5,15.5,44.3,1.4
2021-05-28 21:00:00,1021,21.1,0,1,77.7,14,50.5,2.4
2021-05-28 22:00:00,1021.6,0,0,1,78.4,13,52.1,2.4
2021-05-28 23:00:00,1022,0,0,1,79.2,12.5,81.3,2.1
2021-05-29 00:00:00,1022,0,0,1,80.9,12,75,1.6
2021-05-29 01:00:00,1022,0,0,1,83.3,11.5,76,1.8
2021-05-29 02:00:00,1021.9,0,0,1,87.2,10.6,88.6,1.9
2021-05-29 03:00:00,1021.8,0,0,1,87.4,10.7,82.2,1.9
2021-05-29 04:00:00,1022,0,0,1,87.6,10.8,74.6,2.3
2021-05-29 05:00:00,1022.2,0,0,1,88.5,10.7,78.8,2.4
2021-05-29 06:00:00,1022.5,19.8,0,1,87.1,11,86.5,1.2
2021-05-29 07:00:00,1022.8,73.5,0,1,83.2,11.9,75.3,1.8
2021-05-29 08:00:00,1023.5,107.9,0,1,80.1,12.6,62.9,1.4
2021-05-29 09:00:00,1023.8,282.2,0,1,76.6,13.5,67.8,1.9
2021-05-29 10:00:00,1024.2,195.3,0,1,74.8,14.3,68.5,2.3
2021-05-29 11:00:00,1024.5,468.9,0,1,73.3,15.2,75.5,3.2
2021-05-29 12:00:00,1024.6,616.5,0,1,69.3,16.5,84,3.2
2021-05-29 13:00:00,1024.5,717.4,0,1,64.6,17.4,82.7,3.4
2021-05-29 14:00:00,1024.6,688.9,0,1,53,18.7,101.6,3
2021-05-29 15:00:00,1024.7,772.8,0,1,50.4,19.2,111.6,3.2
2021-05-29 16:00:00,1024.5,766.3,0,1,50.2,19.2,105.2,3.4
2021-05-29 17:00:00,1024.7,669.4,0,1,51.7,18.6,98.4,3.9
2021-05-29 18:00:00,1024.8,507.8,0,1,54.5,17.7,92,4.4
2021-05-29 19:00:00,1025.2,290.7,0,1,58.1,16.6,98,4.4
2021-05-29 20:00:00,1025.6,152.7,0,1,64.4,14.7,93.6,3.2
2021-05-29 21:00:00,1026.1,40.7,0,1,72.2,12.2,95.3,2.7
2021-05-29 22:00:00,1026.7,0,0,1,81.9,10.6,88.8,2.7
2021-05-29 23:00:00,1027,0,0,1,91.5,9.5,74.2,2.4
2021-05-30 00:00:00,1027.2,0,0,1,95.5,9,67.8,2.2
2021-05-30 01:00:00,1026.9,0,0,1,96.6,8.5,67.3,2.3
2021-05-30 02:00:00,1026.6,0,0,1,96.1,7.8,69.7,2.1
2021-05-30 03:00:00,1026.6,0,0,1,96.8,7.4,65,2.6
2021-05-30 04:00:00,1026.5,0,0,1,96.9,7.4,62.7,2.3
2021-05-30 05:00:00,1026.5,0,0,1,96.2,7.5,63.4,2.8
2021-05-30 06:00:00,1026.6,30.3,0,1,92.4,8.3,62.2,2.6
2021-05-30 07:00:00,1026.5,110.5,0,1,88.9,9.4,63.1,2.7
2021-05-30 08:00:00,1026.3,202,0,1,87,10.9,62,2.3
2021-05-30 09:00:00,1026.2,104.8,0,1,82.7,12.4,68.6,2.1
2021-05-30 10:00:00,1025.8,85.4,0,1,77.3,14.1,69.6,2.4
2021-05-30 11:00:00,1025.7,129,0,1,69.3,15.9,73.9,2.7
2021-05-30 12:00:00,1025.3,397.5,0,1,61.4,17.2,80.1,2.5
2021-05-30 13:00:00,1024.8,966.2,0,1,56,18,82.4,2.2
2021-05-30 14:00:00,1024.7,965.9,0,1,59.3,17.7,82.7,1.8
2021-05-30 15:00:00,1024.1,914.5,0,1,58.3,18.3,83.9,2.8
2021-05-30 16:00:00,1023.4,815.8,0,1,58.2,18.3,88,4.3
2021-05-30 17:00:00,1023.2,672.5,0,1,63.3,17.4,89.5,5
2021-05-30 18:00:00,1023.1,510.1,0,1,68.5,15.8,88.5,4.1
2021-05-30 19:00:00,1023,310.3,0,1,72.1,13.9,82.7,4
2021-05-30 20:00:00,1022.7,153.2,0,1,76.9,12.4,80.8,3.7
2021-05-30 21:00:00,1022.8,41.7,0,1,82.1,10.6,80.8,4
2021-05-30 22:00:00,1023.1,0,0,1,86.6,9.5,84.2,3.1
2021-05-30 23:00:00,1023.1,0,0,1,92,8.8,87.1,2.2
2021-05-31 00:00:00,1022.8,0,0,1,95.2,8.5,81.7,2.3
2021-05-31 01:00:00,1022.4,0,0,1,96.9,8.4,74.5,2.5
2021-05-31 02:00:00,1021.8,0,0,1,96.4,8.4,70.7,2.6
2021-05-31 03:00:00,1021.4,0,0,1,96.4,8.4,77.3,2.8
2021-05-31 04:00:00,1020.8,0,0,1,96.3,8.5,76.4,2.4
2021-05-31 05:00:00,1020.5,0.1,0,1,96.3,8.6,72.2,2.3
2021-05-31 06:00:00,1020.2,45.9,0,1,95,9.9,73.2,2.5
2021-05-31 07:00:00,1019.9,163.9,0,1,89.1,12.2,69.4,2.4
2021-05-31 08:00:00,1020,314.5,0,1,83.2,14.2,73.4,2.2
2021-05-31 09:00:00,1019.7,139.7,0,1,75.1,16.6,78.6,2.6
2021-05-31 10:00:00,1019.5,196.7,0,1,67.5,18.6,85,2.6
2021-05-31 11:00:00,1019.2,647.7,0,1,60.2,20.3,87.7,2.4
2021-05-31 12:00:00,1018.9,916.4,0,1,53.3,21.5,88.7,3
2021-05-31 13:00:00,1018.3,967.5,0,1,47.7,22.2,83,2.9
2021-05-31 14:00:00,1018.1,942.8,0,1,49.6,22.3,85.2,2.8
2021-05-31 15:00:00,1017.5,824.8,0,1,48.4,22.2,92,3.5
2021-05-31 16:00:00,1017,808.6,0,1,50.2,21.6,93.1,4.3
2021-05-31 17:00:00,1016.6,667.1,0,1,51,21.3,100.6,4.1
2021-05-31 18:00:00,1016.3,506.6,0,1,51.8,20.6,95.2,4.2
2021-05-31 19:00:00,1016.1,324.2,0,1,55.9,19.3,94,3.7
2021-05-31 20:00:00,1016,155.1,0,1,63.6,17.3,94.7,3.9
2021-05-31 21:00:00,1016.3,42.5,0,1,71.9,15,91.2,3.9
2021-05-31 22:00:00,1016.5,0,0,1,78.1,13.6,88.3,3.5
2021-05-31 23:00:00,1016.4,0,0,1,80.5,12.8,80.6,3.4
2021-06-01 00:00:00,1016.2,0,0,1,81.6,12.3,78.2,2.7
2021-06-01 01:00:00,1015.8,0,0,1,82.9,12,76.5,2.6
2021-06-01 02:00:00,1015.1,0,0,1,82.1,11.4,76.6,2.3
2021-06-01 03:00:00,1014.7,0,0,1,87.3,10.9,70.9,2.7
2021-06-01 04:00:00,1014.2,0,0,1,90.7,10.5,71.9,2.5
2021-06-01 05:00:00,1014,0.5,0,1,91.9,10.4,70.8,2.3
2021-06-01 06:00:00,1013.7,48,0,1,88.5,11.5,74.2,2.9
2021-06-01 07:00:00,1013.5,168.7,0,1,80.9,13.8,77.6,2.3
2021-06-01 08:00:00,1013.6,320.4,0,1,76,16.4,75.5,2.1
2021-06-01 09:00:00,1013.4,503.1,0,1,67.4,18.8,74.6,2.4
2021-06-01 10:00:00,1013,681.8,0,1,59.5,20.9,79.9,2.9
2021-06-01 11:00:00,1012.7,811.5,0,1,47.6,22.4,91.5,3.2
2021-06-01 12:00:00,1012.3,913.4,0,1,41.4,23.2,89,3.1
2021-06-01 13:00:00,1012.1,930.4,0,1,38.1,23.6,91.8,3.2
2021-06-01 14:00:00,1011.8,954.3,0,1,34,23.7,92.9,5.2
2021-06-01 15:00:00,1011.6,897.9,0,1,34.9,23.4,94.8,5.7
2021-06-01 16:00:00,1011.3,800.3,0,1,38.6,22.8,91.2,4.5
2021-06-01 17:00:00,1011.1,678,0,1,42.3,22,89.9,4.5
2021-06-01 18:00:00,1011,509.3,0,1,45.4,21.2,93.8,5.4
2021-06-01 19:00:00,1010.8,332.3,0,1,51.2,20.2,94.9,5
2021-06-01 20:00:00,1010.7,161.3,0,1,54.5,18.7,84.8,3.7
2021-06-01 21:00:00,1011,44.5,0,1,59.1,16.6,82,3.3
2021-06-01 22:00:00,1011.6,0.1,0,1,66.4,15.2,87.3,2.9
2021-06-01 23:00:00,1011.6,0,0,1,70.8,14.3,83.1,3
2021-06-02 00:00:00,1011.3,0,0,1,73.9,13.6,66.1,2.5
2021-06-02 01:00:00,1011,0,0,1,77.6,13,64.1,2.7
2021-06-02 02:00:00,1010.8,0,0,1,77.9,12.3,71.1,2.7
2021-06-02 03:00:00,1010.3,0,0,1,80,12.1,67.1,2.4
2021-06-02 04:00:00,1010.1,0,0,1,83.8,11.7,70.9,2.5
2021-06-02 05:00:00,1010,1.1,0,1,86.1,11.5,76.6,1.7
2021-06-02 06:00:00,1010,47.9,0,1,81.9,12.7,74,2.4
2021-06-02 07:00:00,1009.8,165.2,0,1,75.4,14.8,67.4,2.8
2021-06-02 08:00:00,1009.5,313.5,0,1,70.3,17.4,69.9,3
2021-06-02 09:00:00,1009.5,481.3,0,1,62.5,19.7,80.7,2.9
2021-06-02 10:00:00,1009.6,673,0,1,57.1,21.7,82.4,2.9
2021-06-02 11:00:00,1009.6,792.6,0,1,52.4,23.2,89.8,3.3
2021-06-02 12:00:00,1009.5,855.5,0,1,48.8,24.5,89.3,3.5
2021-06-02 13:00:00,1009.2,909.3,0,1,47.1,24.9,88,3.8
2021-06-02 14:00:00,1009.3,771.1,0,1,39.2,26.1,95.5,2.9
2021-06-02 15:00:00,1009.3,482.8,0,1,42.3,25.8,121,3.1
2021-06-02 16:00:00,1009.3,603.1,0,1,45.9,25.4,84.5,2.7
2021-06-02 17:00:00,1009.3,370.2,0,1,49.7,24.3,81.3,3.4
2021-06-02 18:00:00,1009.7,80.8,0,1,56.2,23,103.4,3.9
2021-06-02 19:00:00,1010.3,200.8,0,1,66.9,21.1,92.9,2.5
2021-06-02 20:00:00,1010.5,52.4,0,1,67.7,20.5,107.5,3
2021-06-02 21:00:00,1011.2,22.4,0,1,72.3,19,172.6,2
2021-06-02 22:00:00,1011.8,0.4,0.3,11.7,80.8,17.7,226.3,1.8
2021-06-02 23:00:00,1012.3,0,0,1,85.1,17.4,224,2.2
2021-06-03 00:00:00,1012.5,0,0,1,90.4,17,234.2,2.7
2021-06-03 01:00:00,1012.5,0,0.1,3.5,94.4,16.6,224.8,2.4
2021-06-03 02:00:00,1012.7,0,0,1,94.7,16.3,227.3,2.1
2021-06-03 03:00:00,1012.9,0,0,1,96.4,15.7,224.7,2.2
2021-06-03 04:00:00,1013.1,0,0,1,96.8,15.5,237.7,2.8
2021-06-03 05:00:00,1013.5,0.6,0,1,95.4,15.7,241,2
2021-06-03 06:00:00,1014.1,15.1,0,1,93.1,16.1,240.7,3
2021-06-03 07:00:00,1014.8,63.2,0,1,90.4,16.1,238.2,3.7
2021-06-03 08:00:00,1015.2,148.7,0,1,77.9,17.3,236.4,3.3
2021-06-03 09:00:00,1015.7,305.5,0,1,70.4,18.2,228.7,2.9
2021-06-03 10:00:00,1015.9,520.9,0,1,61.5,19.8,226.6,3.2
2021-06-03 11:00:00,1016.3,643.1,0,1,54.9,20.9,212.8,4.5
2021-06-03 12:00:00,1016.4,752,0,1,51.6,21.7,224.7,4.8
2021-06-03 13:00:00,1016.4,937.3,0,1,50.9,22.4,233.3,3.3
2021-06-03 14:00:00,1016.2,957.7,0,1,51.8,22.7,246.9,4.4
2021-06-03 15:00:00,1016,882.2,0,1,50.2,23,246.6,4.3
2021-06-03 16:00:00,1015.7,730.9,0,1,49.9,23,255.7,4.2
2021-06-03 17:00:00,1015.7,639.2,0,1,50,22.8,261.7,4.1
2021-06-03 18:00:00,1015.9,464.1,0,1,52.4,21.9,268.7,3.7
2021-06-03 19:00:00,1016.5,161,0,1,59.6,20.1,288.9,2.9
2021-06-03 20:00:00,1017.2,94.5,0,1,66.7,19.2,290,2.7
2021-06-03 21:00:00,1017.6,31.5,0,1,74.3,17.5,287,3.2
2021-06-03 22:00:00,1018.4,0.9,0,1,80.7,16.2,288.1,2.9
2021-06-03 23:00:00,1018.7,0,0,1,86.1,15.2,300,3
2021-06-04 00:00:00,1018.7,0,0,1,91.1,14.2,312.9,2
2021-06-04 01:00:00,1018.8,0,0,1,94.1,13.5,321.5,2.3
2021-06-04 02:00:00,1018.9,0,0,1,91.6,13.4,300.2,2.3
2021-06-04 03:00:00,1018.9,0,0,1,90.9,13,308.4,2
2021-06-04 04:00:00,1018.9,0,0,1,90.7,12.4,301.8,1.7
2021-06-04 05:00:00,1018.9,1.2,0,1,88.9,12.3,323.2,0.6
2021-06-04 06:00:00,1019.2,34.4,0,1,81.1,13.4,328.2,1.8
2021-06-04 07:00:00,1019.5,100.5,0,1,74.8,14.4,284.5,2
2021-06-04 08:00:00,1020,91.5,0.4,18.2,78.2,14.3,314.1,1.7
2021-06-04 09:00:00,1020.3,124.6,1,49.5,77.8,15,334.7,1.9
2021-06-04 10:00:00,1020.3,45.7,2.6,94.6,80.2,15.4,300.6,2.2
2021-06-04 11:00:00,1020.2,69.9,1.4,68.3,74.2,17.1,16.6,3.2
2021-06-04 12:00:00,1020.1,110.4,3.6,95,73.1,17.6,18.8,1.5
2021-06-04 13:00:00,1019.9,163.2,1.1,52.4,70.5,18.1,354.5,2.4
2021-06-04 14:00:00,1020.2,190.1,0.4,19,89.2,15.6,33.4,3.1
2021-06-04 15:00:00,1020.1,145.5,1.3,64.1,89.9,15.5,328.7,2.9
2021-06-04 16:00:00,1020,85.8,0.4,19.7,87,16,19.7,3.2
2021-06-04 17:00:00,1020.3,176.2,0.2,8.7,86.4,15.9,14.1,2.4
2021-06-04 18:00:00,1020.3,44.9,0,1,82.3,16.2,340.4,2.1
2021-06-04 19:00:00,1020.3,105,0.1,4.5,79.5,16.2,14.6,2.2
2021-06-04 20:00:00,1020.3,65.9,0.1,3.4,87.2,15.3,21.3,2.2
2021-06-04 21:00:00,1020.6,18.4,0,1,90.6,14.6,40.1,2.2
2021-06-04 22:00:00,1021.2,0.6,0,1,92.6,14.1,37.8,1.8
2021-06-04 23:00:00,1021.4,0,0,1,92.5,13.7,30.4,1
2021-06-05 00:00:00,1021.3,0,0,1,91.6,13.3,292.9,1.5
2021-06-05 01:00:00,1021.1,0,0,1,94.6,12.2,313.4,1.7
2021-06-05 02:00:00,1021.7,0,0,1,95.5,12.5,310.6,2.7
2021-06-05 03:00:00,1021.4,0,0,1,95.5,12.9,325.7,1.1
2021-06-05 04:00:00,1020.9,0,0,1,96.5,12.7,286.6,0.9
2021-06-05 05:00:00,1020.8,1.5,0,1,98,11.9,298.8,1.4
2021-06-05 06:00:00,1020.9,42.5,0,1,96.9,12.5,324.1,1.1
2021-06-05 07:00:00,1021.4,154.1,0,1,91.6,13.5,336.6,1.1
2021-06-05 08:00:00,1022,282.5,0,1,84.4,14.8,298.2,1.1
2021-06-05 09:00:00,1022.3,323.2,0,1,75.5,16.2,261.2,1.5
2021-06-05 10:00:00,1022.3,600.7,0,1,69.9,17.4,265,1.3
2021-06-05 11:00:00,1022.3,789.2,0,1,61,18.9,257.5,2
2021-06-05 12:00:00,1022.2,895.9,0,1,55.1,19.8,254.3,1.3
2021-06-05 13:00:00,1021.9,868.8,0,1,51.7,20.2,261.3,2
2021-06-05 14:00:00,1021.5,847.1,0,1,48.5,21,254.8,2.8
2021-06-05 15:00:00,1021.1,839.1,0,1,45.7,21.3,233.9,3.5
2021-06-05 16:00:00,1020.7,773,0,1,40.7,21.8,256.8,3.6
2021-06-05 17:00:00,1020.6,628.1,0,1,40,22,243.9,3.2
2021-06-05 18:00:00,1020.4,479.3,0,1,43.4,21.4,267.8,3.2
2021-06-05 19:00:00,1020.6,310.2,0,1,50.4,20.4,254.2,4.5
2021-06-05 20:00:00,1020.8,116,0,1,58.2,19.3,249,4.5
2021-06-05 21:00:00,1021.4,34.6,0,1,64.8,17.4,255.1,3.4
2021-06-05 22:00:00,1021.8,1.6,0,1,71.9,15.9,254.9,3
2021-06-05 23:00:00,1022,0,0,1,81.1,14.8,256.2,2.5
2021-06-06 00:00:00,1022.1,0,0,1,89,13.8,251.2,2.1
2021-06-06 01:00:00,1022.1,0,0,1,92.8,13,259.7,1.9
2021-06-06 02:00:00,1022.4,0,0,1,93.6,12.4,261.5,1.3
2021-06-06 03:00:00,1022.1,0,0,1,95.7,11.9,260.6,2
2021-06-06 04:00:00,1022.1,0,0,1,97,11.5,243.6,2.1
2021-06-06 05:00:00,1022,2,0,1,98,11.1,240,1.8
2021-06-06 06:00:00,1022.1,45,0,1,95.9,11.9,246.1,2.3
2021-06-06 07:00:00,1022,142.4,0,1,90.7,13.4,250.3,1.8
2021-06-06 08:00:00,1022.4,216.4,0,1,86.5,15,250.8,1.7
2021-06-06 09:00:00,1022.3,235.4,0,1,79.8,16.7,248.8,2
2021-06-06 10:00:00,1022.1,335.6,0,1,70.7,18.1,252.2,2
2021-06-06 11:00:00,1022.3,305.3,0.8,32.8,66.6,19,265,2.1
2021-06-06 12:00:00,1022.1,533.2,0.1,4.3,65.1,19.4,266,1.4
2021-06-06 13:00:00,1022,500.9,0.1,3.7,64.5,19.9,266.7,1.7
2021-06-06 14:00:00,1021.7,538.4,0,1,59.6,20.4,244.6,2.6
2021-06-06 15:00:00,1021.4,339.3,0,1,58.1,20.8,257.3,4.1
2021-06-06 16:00:00,1021.2,341.8,0,1,58,21,220.6,2.3
2021-06-06 17:00:00,1021.1,472.7,0,1,62,20.3,232.9,3.1
2021-06-06 18:00:00,1020.8,350.9,0,1,64.8,19.8,231.5,3.3
2021-06-06 19:00:00,1020.6,277.2,0,1,68.8,19.3,127.2,1.4
2021-06-06 20:00:00,1020.9,92.5,0,1,71.2,19.2,221,2.3
2021-06-06 21:00:00,1021.2,27.3,0,1,81,17.5,220.2,3.3
2021-06-06 22:00:00,1021.7,1.4,0,1,86.5,16.4,225.9,2.2
2021-06-06 23:00:00,1021.8,0,0,1,88.9,16,218.2,1.4
2021-06-07 00:00:00,1021.9,0,0,1,91.6,15.4,233.5,1
2021-06-07 01:00:00,1021.7,0,0,1,93.3,14.8,222,1.8
2021-06-07 02:00:00,1021.7,0,0,1,95.9,13.7,210.9,2.2
2021-06-07 03:00:00,1021.5,0,0,1,96.3,13.6,211,1.1
2021-06-07 04:00:00,1021.2,0,0,1,97.7,12.8,218.9,1.5
2021-06-07 05:00:00,1021.2,2.3,0,1,98.7,12,192.7,1.6
2021-06-07 06:00:00,1021.2,43.3,0,1,96.9,12.9,189.6,1.9
2021-06-07 07:00:00,1021.2,143.6,0,1,92,14.1,195.9,1.9
2021-06-07 08:00:00,1021.8,195.7,0,1,87.5,15.1,195.2,1.4
2021-06-07 09:00:00,1021.7,400.4,0,1,80.1,16.8,197.1,1.6
2021-06-07 10:00:00,1021.4,364.4,0,1,70,18.8,209.3,1.5
2021-06-07 11:00:00,1021.4,486.8,0,1,63.2,20.1,204.9,1.3
2021-06-07 12:00:00,1021.4,462.6,0,1,61.4,20.6,217.1,2.7
2021-06-07 13:00:00,1021.1,809.7,0,1,58.1,21.2,209.7,3.1
2021-06-07 14:00:00,1021.3,856.5,0,1,60.8,20.7,212.6,4.1
2021-06-07 15:00:00,1020.9,847.4,0,1,57.1,21.3,219.1,3.2
2021-06-07 16:00:00,1020.4,744.1,0,1,56.4,21.3,212.5,2.8
2021-06-07 17:00:00,1020.3,633.4,0,1,55.6,21.4,229.9,3.6
2021-06-07 18:00:00,1020.1,497.9,0,1,59.6,20.8,235.2,3.8
2021-06-07 19:00:00,1020,323.5,0,1,62.9,20.3,233.7,4.2
2021-06-07 20:00:00,1020.2,128.4,0,1,67.8,19.4,239.1,4.5
2021-06-07 21:00:00,1020.4,35.4,0,1,78.3,17.8,231.5,3.1
2021-06-07 22:00:00,1020.9,1.9,0,1,83.6,16.6,233.9,2.5
2021-06-07 23:00:00,1021,0,0,1,89,15.4,234.3,3.1
2021-06-08 00:00:00,1021.1,0,0,1,92.2,14.4,239.2,2.6
2021-06-08 01:00:00,1021.1,0,0,1,92.7,13.6,252.2,1.8
2021-06-08 02:00:00,1021.2,0,0,1,92.5,13.1,242.5,1.7
2021-06-08 03:00:00,1021.2,0,0,1,91.9,12.8,230,1.8
2021-06-08 04:00:00,1021,0,0,1,91.3,12.8,233.6,1.9
2021-06-08 05:00:00,1021.2,2.3,0,1,96.1,11.8,235.7,2
2021-06-08 06:00:00,1021.2,46.4,0,1,93,12.5,235.5,2.5
2021-06-08 07:00:00,1021.2,153.9,0,1,87.6,14,243.6,2.1
2021-06-08 08:00:00,1021.4,302.6,0,1,81.5,15.6,242.7,1.5
2021-06-08 09:00:00,1021.4,501.5,0,1,75.1,17.3,238.6,1.2
2021-06-08 10:00:00,1021.2,658.9,0,1,68,19.1,245.2,1.3
2021-06-08 11:00:00,1021.1,773.3,0,1,62,20.1,248.5,1.9
2021-06-08 12:00:00,1020.8,897,0,1,57.1,20.9,249.8,2.8
2021-06-08 13:00:00,1020.6,942.4,0,1,52.4,21.6,247.2,2.8
2021-06-08 14:00:00,1020.5,952,0,1,49.8,21.9,242.3,3.2
2021-06-08 15:00:00,1020.1,900.7,0,1,48.7,22.4,246.2,3.4
2021-06-08 16:00:00,1019.6,802.3,0,1,48.2,22.6,236.8,3.2
2021-06-08 17:00:00,1019.3,676,0,1,47.5,22.9,242.7,3.5
2021-06-08 18:00:00,1019.1,516.2,0,1,48.3,22.8,239.3,3.6
2021-06-08 19:00:00,1019,321.9,0,1,50.4,22.2,238.7,3.7
2021-06-08 20:00:00,1019.2,162.3,0,1,59.5,20.1,230.7,3.2
2021-06-08 21:00:00,1019.5,49.7,0,1,67.5,18,234,2.7
2021-06-08 22:00:00,1019.9,2.9,0,1,76.4,16.5,239.3,2.8
2021-06-08 23:00:00,1020.3,0,0,1,84,15.2,234,3.1
2021-06-09 00:00:00,1020.3,0,0,1,89.5,14.2,240.1,3.5
2021-06-09 01:00:00,1020.1,0,0,1,92,13.4,236,2.6
2021-06-09 02:00:00,1020,0,0,1,91.8,12.4,230.7,2.5
2021-06-09 03:00:00,1020,0,0,1,93.1,11.7,232.7,2.5
2021-06-09 04:00:00,1019.7,0,0,1,93.4,11,237.1,2.8
2021-06-09 05:00:00,1019.6,3.3,0,1,92.4,10.4,245.5,2.6
2021-06-09 06:00:00,1019.6,54.3,0,1,86.5,11.1,234.3,2.2
2021-06-09 07:00:00,1019.6,174.6,0,1,77.7,12.6,244.7,1.9
2021-06-09 08:00:00,1019.5,328.1,0,1,76.2,14.7,242.9,1.8
2021-06-09 09:00:00,1019.6,517.4,0,1,69.5,17,235,1.9
2021-06-09 10:00:00,1019.5,678.7,0,1,57,19,237.1,2.5
2021-06-09 11:00:00,1019.5,820,0,1,43.7,20.6,238.3,3
2021-06-09 12:00:00,1019.2,923,0,1,36.3,22,237.4,3.5
2021-06-09 13:00:00,1019,975.4,0,1,33.7,23,236.9,3.8
2021-06-09 14:00:00,1018.6,976.6,0,1,36.6,23.3,239.1,4.3
2021-06-09 15:00:00,1018.3,927.1,0,1,41.5,23.7,243.9,4.2
2021-06-09 16:00:00,1017.8,827.5,0,1,45.5,24.1,247.2,4
2021-06-09 17:00:00,1017.5,691,0,1,46.6,23.8,253.2,3.7
2021-06-09 18:00:00,1017.2,529.7,0,1,49.8,23.1,245.9,3.3
2021-06-09 19:00:00,1017.2,331.4,0,1,55.6,22.1,242.7,4.3
2021-06-09 20:00:00,1017.5,145,0,1,65.5,21.1,236.4,4.6
2021-06-09 21:00:00,1018.1,46.1,0,1,72.1,19.6,241.7,4.4
2021-06-09 22:00:00,1018.9,3,0,1,77.5,18.4,236.3,4.1
2021-06-09 23:00:00,1019.2,0,0,1,83.3,17.2,246.2,3.5
2021-06-10 00:00:00,1019,0,0,1,87.6,16.3,253.3,2.5
2021-06-10 01:00:00,1018.8,0,0,1,91.5,15.6,245.2,2
2021-06-10 02:00:00,1018.8,0,0,1,94.4,14.8,223,2.3
2021-06-10 03:00:00,1018.4,0,0,1,96.2,14.4,243.1,2.3
2021-06-10 04:00:00,1018.1,0,0,1,97.5,13.9,234.9,2.7
2021-06-10 05:00:00,1018.2,2.5,0,1,98.3,13.7,226.9,3.3
2021-06-10 06:00:00,1018.6,27,0,1,96.3,14.2,240.9,4
2021-06-10 07:00:00,1018.6,85.1,0,1,92.9,14.9,243,3.8
2021-06-10 08:00:00,1018.8,146,0,1,88.1,16.3,229.6,2.8
2021-06-10 09:00:00,1018.8,155.9,0,1,81.1,17.9,242.1,2.6
2021-06-10 10:00:00,1018.9,541.2,0,1,74.8,19.2,245,3.1
2021-06-10 11:00:00,1018.7,347.1,0,1,68.4,20.5,235.4,2.5
2021-06-10 12:00:00,1018.4,308.8,0,1,61.8,22,234.9,2.9
2021-06-10 13:00:00,1018,538.2,0,1,58.4,22.9,244.9,3.8
2021-06-10 14:00:00,1017.8,844.4,0,1,61.3,22.4,223.6,2.2
2021-06-10 15:00:00,1017.3,604.1,0,1,58,23.2,260.4,3
2021-06-10 16:00:00,1016.9,607.2,0,1,58.3,23.2,245.5,4.7
2021-06-10 17:00:00,1016.8,390.5,0,1,62.6,22.6,241.4,3.9
2021-06-10 18:00:00,1016.6,264.2,0,1,64.4,22.2,239.1,3.9
2021-06-10 19:00:00,1016.4,228.7,0,1,64.5,21.8,215.6,5
2021-06-10 20:00:00,1017,115.6,0,1,78.2,19.8,225.3,4.5
2021-06-10 21:00:00,1017.3,40.6,0,1,82.5,18.5,225.5,4.2
2021-06-10 22:00:00,1017.4,3.5,0,1,87.6,17.3,222.8,4
2021-06-10 23:00:00,1017.4,0,0,1,92.1,16.3,211.3,3.7
2021-06-11 00:00:00,1017.3,0,0,1,95.1,15.7,228,3
2021-06-11 01:00:00,1017.1,0,0,1,96.3,15.4,228.3,2.7
2021-06-11 02:00:00,1017.2,0,0,1,96.9,14.8,220,2.7
2021-06-11 03:00:00,1016.8,0,0,1,97.6,14.7,242.6,3.5
2021-06-11 04:00:00,1016.6,0,0,1,98.2,14.8,233.9,2.9
2021-06-11 05:00:00,1016.7,1.9,0,1,98.6,15.1,231.6,2.9
2021-06-11 06:00:00,1016.7,25.7,0,1,96.7,15.5,225.9,3
2021-06-11 07:00:00,1017.1,77.4,0,1,93.5,16.1,218.7,3.1
2021-06-11 08:00:00,1017.4,141.1,0,1,87.4,17.5,227.6,2.7
2021-06-11 09:00:00,1017.4,67.8,0,1,80.6,18.7,228.1,2.9
2021-06-11 10:00:00,1017.5,145.4,0,1,71.6,20.3,241,3.8
2021-06-11 11:00:00,1017.2,237.6,0,1,64.4,21.7,243.4,4.3
2021-06-11 12:00:00,1017,319.5,0,1,61.7,22.2,243.3,4.3
2021-06-11 13:00:00,1016.8,485.3,0,1,58.7,22.8,240.5,4.7
2021-06-11 14:00:00,1016.1,553.5,0,1,53.3,23.6,242.5,4.6
2021-06-11 15:00:00,1016,292.9,0,1,52.4,23.4,249,5.2
2021-06-11 16:00:00,1016.1,517.4,0,1,53.1,23.3,262.5,4.6
2021-06-11 17:00:00,1016.1,369.3,0,1,51.9,23.6,258.8,4.2
2021-06-11 18:00:00,1015.5,203,0,1,50.8,23.7,229.9,4.2
2021-06-11 19:00:00,1015.4,119.7,0,1,52.9,23.2,255.4,3.3
2021-06-11 20:00:00,1016.2,102.2,0,1,65.2,20.8,270.8,3.3
2021-06-11 21:00:00,1016.5,40.4,0,1,71.1,19.4,275.2,3.7
2021-06-11 22:00:00,1017.1,3.8,0,1,75.5,18.4,288.6,4.1
2021-06-11 23:00:00,1017.6,0,0,1,79.2,17.7,282.6,4.5
2021-06-12 00:00:00,1017.8,0,0,1,83,16.8,267.2,3.8
2021-06-12 01:00:00,1018.4,0,0,1,86.3,15.7,270.1,3.4
2021-06-12 02:00:00,1018.3,0,0,1,82.8,16.1,278,3.2
2021-06-12 03:00:00,1018.3,0,0,1,86.6,14.9,266,3.4
2021-06-12 04:00:00,1018.4,0,0,1,92,13.6,287.4,2.9
2021-06-12 05:00:00,1018.6,3.1,0,1,93.2,13.1,283.8,2.3
2021-06-12 06:00:00,1018.8,47.8,0,1,89.9,13.5,288.1,2.6
2021-06-12 07:00:00,1019.3,151.3,0,1,82.3,14.8,293.6,2.5
2021-06-12 08:00:00,1019.8,278.8,0,1,76,16.4,295.2,2.5
2021-06-12 09:00:00,1020.1,421.4,0,1,68.7,17.8,306.7,2
2021-06-12 10:00:00,1020.2,521.9,0,1,62.3,19.1,304.5,2.2
2021-06-12 11:00:00,1020.7,569.2,0,1,58.8,19.7,314.5,2.6
2021-06-12 12:00:00,1020.7,649.5,0,1,54.7,20.7,323.3,2.6
2021-06-12 13:00:00,1020.6,751.7,0,1,51.1,21.7,320.1,3.8
2021-06-12 14:00:00,1020.9,594.9,0,1,52.5,21.3,331.6,3
2021-06-12 15:00:00,1021.1,593.9,0,1,51.4,21.8,329.7,2.7
2021-06-12 16:00:00,1021.3,523.4,0,1,50.9,21.9,328.6,3
2021-06-12 17:00:00,1021.4,424.1,0,1,50.8,21.7,320.8,2.8
2021-06-12 18:00:00,1021.6,333.9,0,1,51.1,21.6,344.3,2.6
2021-06-12 19:00:00,1021.8,250.3,0,1,51.9,21.3,326.9,2.5
2021-06-12 20:00:00,1021.9,138.9,0,1,56.5,20.9,329.5,2.8
2021-06-12 21:00:00,1022.3,48.2,0,1,65.8,18.9,348.4,3.2
2021-06-12 22:00:00,1023.1,4.2,0,1,72.2,17.1,16.3,2
2021-06-12 23:00:00,1023.6,0,0,1,78.9,15.8,108.7,3.2
2021-06-13 00:00:00,1023.9,0,0,1,82,15.1,103.5,2.2
2021-06-13 01:00:00,1023.7,0,0,1,86.8,14.3,88.3,1.2
2021-06-13 02:00:00,1023.5,0,0,1,94,13.2,49.6,1.3
2021-06-13 03:00:00,1023.7,0,0,1,96.2,12.9,37.7,1.2
2021-06-13 04:00:00,1024.1,0,0,1,97.9,12.4,9,1.1
2021-06-13 05:00:00,1024.5,3.4,0,1,97,11.9,350.9,1.1
2021-06-13 06:00:00,1025,51.8,0,1,90.2,13.3,350.6,1.1
2021-06-13 07:00:00,1025.2,166.7,0,1,83,14.8,47.5,0.8
2021-06-13 08:00:00,1025.7,309,0,1,71.4,17.2,73.1,0.7
2021-06-13 09:00:00,1025.5,459.5,0,1,66.3,19.1,111.4,0.7
2021-06-13 10:00:00,1025.3,603.1,0,1,62,20.9,124.7,1
2021-06-13 11:00:00,1024.8,723.3,0,1,58,22.4,176.8,0.8
2021-06-13 12:00:00,1024.3,792.9,0,1,54.1,24,217.9,1.1
2021-06-13 13:00:00,1023.7,956.7,0,1,50.5,25.3,217.8,1.1
2021-06-13 14:00:00,1023.1,960.6,0,1,47.3,26,245,1.5
2021-06-13 15:00:00,1022.3,870.7,0,1,46.4,26.6,223.8,2.4
2021-06-13 16:00:00,1021.7,785.6,0,1,47.9,26.3,205.4,3.8
2021-06-13 17:00:00,1021.4,636,0,1,50.1,26,210.9,3.7
2021-06-13 18:00:00,1021,520,0,1,52.4,25.4,213.8,3.5
2021-06-13 19:00:00,1021,348.6,0,1,57.4,24,213.4,3
2021-06-13 20:00:00,1021.2,163.8,0,1,62.7,22.4,202.6,4.2
2021-06-13 21:00:00,1021.2,54.2,0,1,67,20.3,196.8,4.2
2021-06-13 22:00:00,1021.3,4.8,0,1,70.5,18.7,200.3,3.2
2021-06-13 23:00:00,1021.1,0,0,1,73.8,17.4,211.4,2.2
2021-06-14 00:00:00,1021,0,0,1,78.4,16.3,220.2,1.7
2021-06-14 01:00:00,1020.3,0,0,1,81.4,15.5,235.6,0.9
2021-06-14 02:00:00,1020,0,0,1,82.4,14.7,233.3,1.3
2021-06-14 03:00:00,1020,0,0,1,85.6,14,269.1,2.3
2021-06-14 04:00:00,1019.4,0,0,1,88.4,13.4,247.2,1.6
2021-06-14 05:00:00,1018.9,3.3,0,1,87.8,13.2,235.3,1.4
2021-06-14 06:00:00,1018.9,52.7,0,1,81.3,14.7,253.8,1.3
2021-06-14 07:00:00,1018.8,168.4,0,1,73.1,16.8,265,2
2021-06-14 08:00:00,1018.9,313.4,0,1,65.5,19.3,227.7,2
2021-06-14 09:00:00,1018.5,515.1,0,1,61.4,21,240.5,1.8
2021-06-14 10:00:00,1018,666.5,0,1,56.6,22.5,260.8,3
2021-06-14 11:00:00,1017.9,816.9,0,1,51.3,23.7,274.6,3
2021-06-14 12:00:00,1017.6,905,0,1,47.7,24.8,257.8,2.4
2021-06-14 13:00:00,1017.4,967.8,0,1,47.8,25.8,255.9,2.6
2021-06-14 14:00:00,1016.7,964,0,1,45.2,27.1,286.9,2.8
2021-06-14 15:00:00,1016.4,911.1,0,1,44.4,27.2,286.9,2.9
2021-06-14 16:00:00,1016.1,743.2,0,1,45.4,27,276.7,3.7
2021-06-14 17:00:00,1016.2,375.1,0,1,50.4,26,302.1,3.9
2021-06-14 18:00:00,1016.1,389.5,0,1,50.6,25.9,307.5,3.8
2021-06-14 19:00:00,1016.1,134.2,0,1,53.7,24.8,332.6,3.4
2021-06-14 20:00:00,1016.7,79.6,0,1,61.5,23.2,22.9,2.9
2021-06-14 21:00:00,1017.4,19.8,0,1,66.2,22,23.7,5.2
2021-06-14 22:00:00,1018.1,2.1,0,1,70.1,21.2,62.9,4.3
2021-06-14 23:00:00,1018.6,0,0,1,74.7,20.1,30.5,2.3
2021-06-15 00:00:00,1018.8,0,0,1,72.7,19.2,16.3,4.4
2021-06-15 01:00:00,1018.7,0,0,1,53.8,18.2,10.5,4.1
2021-06-15 02:00:00,1018.8,0,0,1,56.9,16.8,12.8,3.2
2021-06-15 03:00:00,1018.8,0,0,1,64.1,15.9,18.8,3
2021-06-15 04:00:00,1018.9,0,0,1,68.9,15.5,12,3.6
2021-06-15 05:00:00,1019.1,1.1,0,1,72,15.1,17.5,3.4
2021-06-15 06:00:00,1019.3,16.2,0,1,73,14.8,26.3,3.3
2021-06-15 07:00:00,1019.7,57.5,0,1,73.7,14.8,34.1,2.9
2021-06-15 08:00:00,1020.3,122.3,0,1,71.5,15.2,42,2.8
2021-06-15 09:00:00,1020.2,299,0,1,69.3,16.2,45.6,2.5
2021-06-15 10:00:00,1019.9,484.7,0,1,68.1,17.5,61.7,2.7
2021-06-15 11:00:00,1019.6,724.8,0,1,64.7,19.3,77.1,2.4
2021-06-15 12:00:00,1019.1,805.6,0,1,58.6,21,87.2,1.8
2021-06-15 13:00:00,1018.7,762.4,0,1,52.6,21.8,117.5,1.2
2021-06-15 14:00:00,1018.3,675.3,0,1,53.5,22.2,63.8,0.9
2021-06-15 15:00:00,1017.7,711.3,0,1,51.9,22.6,41,0.7
2021-06-15 16:00:00,1016.9,674.4,0,1,51.1,23,33.5,0.9
2021-06-15 17:00:00,1016.3,570.3,0,1,49.1,23.5,286.5,1.3
2021-06-15 18:00:00,1015.8,431,0,1,50.2,23.3,253.8,2.6
2021-06-15 19:00:00,1015.4,289.3,0,1,56.6,22.2,218.1,1.8
2021-06-15 20:00:00,1015.2,155.8,0,1,63.3,20.8,119.1,4.1
2021-06-15 21:00:00,1015.3,50.4,0,1,69.8,19.3,125.6,4.2
2021-06-15 22:00:00,1015.4,5.1,0,1,75.8,18.1,146.7,3.7
2021-06-15 23:00:00,1015.3,0,0,1,82.6,17.1,160.8,2.3
2021-06-16 00:00:00,1015.2,0,0,1,87.3,16.2,149,0.6
2021-06-16 01:00:00,1014.4,0,0,1,92.3,15,129,1.1
2021-06-16 02:00:00,1013.8,0,0,1,93.7,14,106.7,1.7
2021-06-16 03:00:00,1013.1,0,0,1,92.8,14,125,0.7
2021-06-16 04:00:00,1012.4,0,0,1,93.5,13.6,126.9,0.6
2021-06-16 05:00:00,1011.7,3.8,0,1,96.9,12.8,114.1,1.2
2021-06-16 06:00:00,1011.3,51.9,0,1,90.3,14.2,115.6,1.3
2021-06-16 07:00:00,1011.1,165.6,0,1,81.3,16.1,127.6,1
2021-06-16 08:00:00,1010.9,312.3,0,1,76.5,18.3,142.7,1.2
2021-06-16 09:00:00,1010.7,516.7,0,1,73.2,20.4,192.3,0.9
2021-06-16 10:00:00,1010,684.9,0,1,63.6,22.1,220.4,1
2021-06-16 11:00:00,1009.5,816.1,0,1,54.2,23.8,235.3,2.5
2021-06-16 12:00:00,1009.1,903.3,0,1,52.5,25.8,228.8,3.4
2021-06-16 13:00:00,1008.4,875,0,1,49.7,26.4,233.6,3.6
2021-06-16 14:00:00,1007.8,851.4,0,1,43.1,27.3,228.4,3.8
2021-06-16 15:00:00,1007.4,733.4,0,1,45,27.1,225.7,3.3
2021-06-16 16:00:00,1007,712,0,1,46,27.2,218.5,3.7
2021-06-16 17:00:00,1006.6,647.5,0,1,47,27.1,195.1,4.9
2021-06-16 18:00:00,1006.2,458,0,1,48.3,26.7,199.9,3.6
2021-06-16 19:00:00,1006,62.2,0.2,10.5,51.6,26,216,4.7
2021-06-16 20:00:00,1006.6,84.4,0.3,15.1,60.9,24.1,188,3.8
2021-06-16 21:00:00,1007,16.5,5.4,94.8,66.8,22.6,174.8,3
2021-06-16 22:00:00,1007,1.2,9.5,64.2,74.3,21.5,177.7,0.5
2021-06-16 23:00:00,1007.1,0,6.1,87.9,79,20.5,212.5,1.3
2021-06-17 00:00:00,1006.9,0,0,1,85.8,19.9,187.3,0.8
2021-06-17 01:00:00,1005.9,0,1.4,59.9,91,19.3,247.3,1.6
2021-06-17 02:00:00,1005.6,0,1.9,53.2,95.4,18.7,195.4,0.7
2021-06-17 03:00:00,1005.3,0,0,1,97.4,17.8,116.5,2.2
2021-06-17 04:00:00,1004.8,0,0.3,14.7,97.6,17.9,162.2,1.4
2021-06-17 05:00:00,1004.9,1.9,0.1,6.2,97.5,17.8,208.2,1.9
2021-06-17 06:00:00,1005.1,17.4,0,1,96.4,18.1,285.4,2.1
2021-06-17 07:00:00,1005.1,48,0,1,94.8,18.6,300.2,1.3
2021-06-17 08:00:00,1005.5,75.6,0.1,6.2,95.7,18.4,339.1,1.6
2021-06-17 09:00:00,1005.4,50.8,0.2,8.3,93.1,18.8,339.9,1.1
2021-06-17 10:00:00,1005.9,114.8,0,1,86,19.9,345.9,1.7
2021-06-17 11:00:00,1006.4,102.8,0.1,4.2,85.8,20.4,337.2,2.6
2021-06-17 12:00:00,1007,83.2,0,1,80.6,21,343.2,2.9
2021-06-17 13:00:00,1007.3,74.1,0,1,80,20.9,344,3
2021-06-17 14:00:00,1007.6,79.4,0,1,70.7,22.7,355.8,2.8
2021-06-17 15:00:00,1007.5,262.4,0,1,66.1,23.4,21.4,2.2
2021-06-17 16:00:00,1008.1,114,0,1,67.5,23,29.2,2.7
2021-06-17 17:00:00,1008.4,75.2,0.1,6,75.4,21.7,24.8,3.1
2021-06-17 18:00:00,1008.4,39.3,0.1,3.6,77.4,21.3,27.4,3.3
2021-06-17 19:00:00,1008.9,40.4,0.4,20.9,78.5,21.1,56.8,3.8
2021-06-17 20:00:00,1009.9,37.8,2.9,95,88.7,19.8,52.6,3.7
2021-06-17 21:00:00,1010.2,12.1,0.7,32,90.9,19,50.9,3.6
2021-06-17 22:00:00,1010.8,1.8,0.1,5.7,91.5,18.3,41.1,2.4
2021-06-17 23:00:00,1011.2,0,0.2,10,92.6,17.8,47.7,2.6
2021-06-18 00:00:00,1011.2,0,0,1,94,17.5,43.9,2.8
2021-06-18 01:00:00,1011.3,0,0,1,94.3,17.2,43,1.8
2021-06-18 02:00:00,1010.6,0,0,1,95.4,16.5,39.6,2.8
2021-06-18 03:00:00,1010.7,0,0.6,29.9,95.5,16.1,35.9,3.3
2021-06-18 04:00:00,1010.8,0,0.4,22.1,95.6,15.7,23.3,3.1
2021-06-18 05:00:00,1010.8,0.6,1,50.4,96.1,15.4,39.3,3.4
2021-06-18 06:00:00,1010.6,5.1,0.1,3.7,96.2,15.2,38.4,3.8
2021-06-18 07:00:00,1010.6,17.7,0.2,10.3,96.4,15.3,39.3,3.4
2021-06-18 08:00:00,1010.6,42,0.3,15.9,95.7,15.2,38,2.8
2021-06-18 09:00:00,1010.5,49.7,12.7,95,93.6,15.6,31.5,3
2021-06-18 10:00:00,1009.8,50.8,0.5,22.6,91.9,16.3,36,3.6
2021-06-18 11:00:00,1009.8,59.3,1.2,58.6,92.2,16.9,37.8,4.1
2021-06-18 12:00:00,1009.3,64.6,0,1,95,17.5,33.1,2.4
2021-06-18 13:00:00,1008.5,68.1,0.1,6.5,96.5,17.7,36.2,2.6
2021-06-18 14:00:00,1008.5,77.1,0.2,8,95.7,16.9,6.8,3.1
2021-06-18 15:00:00,1008.1,79.9,1.1,52.7,95.4,16.6,28.6,3.4
2021-06-18 16:00:00,1008.3,66.7,0,1,94.5,15.3,12.7,3.3
2021-06-18 17:00:00,1008.2,87.5,0,1,92.6,14.6,301.9,3.5
2021-06-18 18:00:00,1008.2,190.9,0,1,88.2,14.8,351.4,4.3
2021-06-18 19:00:00,1008.6,101.9,0,1,87.3,14.5,10.7,3.3
2021-06-18 20:00:00,1008.8,31.5,0,1,90.2,13.2,345.9,2.5
2021-06-18 21:00:00,1009.6,12.6,0.6,30,89.7,12.9,357.2,2.5
2021-06-18 22:00:00,1010.3,1.6,0.3,13.5,89.4,12.8,335.5,1.9
2021-06-18 23:00:00,1010.8,0,0.3,14.9,89.9,12.5,349.2,3
2021-06-19 00:00:00,1011,0,0.8,37.7,89.8,12.5,346.7,3.6
2021-06-19 01:00:00,1011.4,0,0.2,10.4,90.2,12.3,333.3,3.2
2021-06-19 02:00:00,1011.7,0,0.1,6.8,92.8,12.2,331.1,2.6
2021-06-19 03:00:00,1011.7,0,0,1,92.4,12,324,1.9
2021-06-19 04:00:00,1012,0,0,1,94.2,11.2,337.7,3
2021-06-19 05:00:00,1012.4,2.9,0,1,94.6,11,345.7,2.7
2021-06-19 06:00:00,1013.1,36.9,0,1,91.7,11.5,18,1.8
2021-06-19 07:00:00,1013.4,105.8,0,1,87.6,12.2,13.9,2.2
2021-06-19 08:00:00,1012.4,173.1,0,1,84.2,13.7,39.5,1.5
2021-06-19 09:00:00,1012.7,116.5,0,1,81.5,14.5,27.3,2.2
2021-06-19 10:00:00,1012.7,186.7,0,1,79,15.2,74.6,2.4
2021-06-19 11:00:00,1012.7,151.5,0,1,74.5,16.2,75.4,2.4
2021-06-19 12:00:00,1012.7,306,0,1,72.6,16.9,97.3,2
2021-06-19 13:00:00,1012.1,223.3,0,1,71.2,17.5,90.9,1.5
2021-06-19 14:00:00,1011.5,319,0,1,72.2,17.3,88.3,1.6
2021-06-19 15:00:00,1010.8,88.6,0,1,71.8,17.8,75.9,2
2021-06-19 16:00:00,1010.4,188.3,0,1,75.3,17.4,93.9,2.1
2021-06-19 17:00:00,1010.2,56.7,0,1,79.3,16.8,84.4,3.3
2021-06-19 18:00:00,1009.3,74.1,0.2,9.8,83.7,15.6,86.4,3.8
2021-06-19 19:00:00,1009.1,31,0.5,25.4,84.4,15.4,86,4.3
2021-06-19 20:00:00,1007.8,47.7,0.7,31.5,91.3,13.8,65.6,3.9
2021-06-19 21:00:00,1008.1,16.8,0,1,92.2,13.3,84.9,4
2021-06-19 22:00:00,1007.7,1.9,0,1,92.2,13.2,85.5,2.2
2021-06-19 23:00:00,1007.8,0,0,1,92.8,13.1,70.1,2.6
2021-06-20 00:00:00,1007.5,0,0,1,93.4,13.2,57.8,2.8
2021-06-20 01:00:00,1006.7,0,0,1,94.6,13.2,64.3,3.3
2021-06-20 02:00:00,1006.3,0,0,1,94.6,12.6,50.3,2.8
2021-06-20 03:00:00,1005.7,0,0,1,95.6,12.5,47.7,1.9
2021-06-20 04:00:00,1005.4,0,0,1,96.3,12.5,51.4,1.3
2021-06-20 05:00:00,1005.3,0.7,0,1,96.5,12.5,69.1,1.8
2021-06-20 06:00:00,1005.5,8.3,0,1,96.1,12.7,60,1.6
2021-06-20 07:00:00,1005.5,31.3,0,1,95.4,12.9,53.1,2.2
2021-06-20 08:00:00,1005.5,154.9,0,1,90,13.9,63.4,1.7
2021-06-20 09:00:00,1005.6,150.6,0,1,84.8,15.2,66.3,1.4
2021-06-20 10:00:00,1006.1,222.7,0,1,80.7,16.1,76.6,2.1
2021-06-20 11:00:00,1006.1,207.5,0,1,82.7,15.9,70.2,1.3
2021-06-20 12:00:00,1006.1,410.3,0,1,77.7,17.1,72.3,0.7
2021-06-20 13:00:00,1006,154.8,0,1,75.7,17.6,80.5,1.6
2021-06-20 14:00:00,1005.9,287.6,0,1,71.7,18.4,47.5,2.9
2021-06-20 15:00:00,1005.7,218.9,0,1,69.2,19,30.1,2.8
2021-06-20 16:00:00,1005.2,314.2,0,1,68.9,19.2,54.5,2.6
2021-06-20 17:00:00,1004.9,323.5,0,1,68.8,19.3,60.4,3.4
2021-06-20 18:00:00,1005.1,248.5,0,1,77.2,18,44.6,3.3
2021-06-20 19:00:00,1005.7,117.3,0,1,83.7,16.8,51,3.8
2021-06-20 20:00:00,1006.7,41.5,0,1,84.7,15.5,63.4,4.7
2021-06-20 21:00:00,1007,14.3,0,1,86.5,14.6,54.8,3.9
2021-06-20 22:00:00,1007.2,2.2,0,1,85.1,14.3,41.1,3.7
2021-06-20 23:00:00,1007.3,0,0,1,86.5,13.6,59.6,4.2
2021-06-21 00:00:00,1007.2,0,0,1,87.6,13,47.2,3.9
2021-06-21 01:00:00,1007.3,0,0,1,88.5,12.4,43.8,3.6
2021-06-21 02:00:00,1007,0,0,1,88.9,12.3,48.9,3.5
2021-06-21 03:00:00,1007,0,0,1,87.7,12,42.4,3.8
2021-06-21 04:00:00,1007.1,0,0,1,88.1,11.4,40.4,4
2021-06-21 05:00:00,1007.4,2,0,1,86.8,11.3,43.1,4.2
2021-06-21 06:00:00,1007.3,21.5,0,1,85,11.3,36.9,4.1
2021-06-21 07:00:00,1007.5,57.8,0.2,8.3,82.1,11.5,32,4.5
2021-06-21 08:00:00,1007.8,62.1,0.6,26.7,84.3,12.3,27.6,4.1
2021-06-21 09:00:00,1008.1,129.5,1.2,58.8,80.8,12.9,21.6,3.8
2021-06-21 10:00:00,1008.5,143.4,1.2,57.2,81.6,13.4,31.8,4
2021-06-21 11:00:00,1008.7,155,1.3,61,82.6,13.6,24.7,3.7
2021-06-21 12:00:00,1009.5,253.9,2.5,95,86.5,13.3,42,2.7
2021-06-21 13:00:00,1009.8,162.7,2.5,95,87.2,13.2,33.7,4.2
2021-06-21 14:00:00,1009.8,353.9,0.7,32.5,79.3,14.1,39.4,3.6
2021-06-21 15:00:00,1009.9,107.2,0.4,20.1,76.4,14.5,40.9,3.7
2021-06-21 16:00:00,1010.3,145.2,0.5,26.2,81.9,14,42.6,3.4
2021-06-21 17:00:00,1010.8,111.6,0.7,33.7,81.4,13.9,44.5,4.7
2021-06-21 18:00:00,1011.4,105.6,0.6,31.6,81.1,13.8,46.5,4.5
2021-06-21 19:00:00,1011.9,30.2,0.3,14.2,79.3,13.9,38.5,4
2021-06-21 20:00:00,1012.5,26.4,0.1,4.9,87,12.7,33.8,4.1
2021-06-21 21:00:00,1013.1,11.9,0,1,89,12.5,39.5,2.7
2021-06-21 22:00:00,1013.8,1.6,0,1,91.4,12.3,42.6,2.3
2021-06-21 23:00:00,1014.1,0,0,1,91.3,12.2,24.6,4.8
2021-06-22 00:00:00,1014.1,0,0,1,89.2,12,25.4,4.5
2021-06-22 01:00:00,1014.3,0,0,1,87.8,11.5,25.6,4.7
2021-06-22 02:00:00,1014.9,0,0,1,84.2,11.2,18.6,4.5
2021-06-22 03:00:00,1014.9,0,0,1,82,11,22.5,4.8
2021-06-22 04:00:00,1015.2,0,0,1,80.6,10.9,20.7,4.3
2021-06-22 05:00:00,1015.5,1.2,0,1,79.1,10.9,24.6,4.1
2021-06-22 06:00:00,1015.8,14.9,0,1,79,11,20,3.9
2021-06-22 07:00:00,1016.3,45.4,0,1,80.2,11.2,23,4.5
2021-06-22 08:00:00,1016.6,87.2,0,1,81.1,11.7,28.6,3.8
2021-06-22 09:00:00,1016.9,169.5,0.3,15,77.8,12.5,32.7,3.8
2021-06-22 10:00:00,1016.9,166.4,0.6,27.7,68.8,13.5,23.5,3.5
2021-06-22 11:00:00,1017.3,274,0.5,24.7,60.7,14.7,22.8,3.2
2021-06-22 12:00:00,1017.6,351.3,0,1,56.9,15.1,24.6,3.7
2021-06-22 13:00:00,1017.6,445.6,0,1,56,15.2,35,4
2021-06-22 14:00:00,1017.6,437.5,0,1,53.9,16.1,49.5,4.1
2021-06-22 15:00:00,1018,323.8,0,1,55.9,15.5,37.5,3.7